,tickerId,unSymbol,symbol,direction,strikePrice,ask_price,ask_volume,bid_price,bid_volume,expireDate,tradeTime,tradeStamp,volume,close,preClose,open,high,low,delta,vega,gamma,theta,rho,changeRatio,change,weekly,activeLevel,openIntChange
0,1019600085,TSLA,TSLA210401C00050000,call,50,582.60,60,576.80,60,2021-04-01,,1617131581432,0,,,,,,1.0000,0.0000,0.0000,-0.0001,0.0041,,,1,43,
1,1019600091,TSLA,TSLA210401P00050000,put,50,0.01,271,0.00,0,2021-04-01,2021-03-29T17:45:02.000+0000,1617111002000,0,0.01,0.01,,,,0.0000,0.0000,0.0000,0.0000,0.0000,0.0000,0.00,1,43,1.0
2,1019600079,TSLA,TSLA210401C00100000,call,100,532.40,60,527.30,60,2021-04-01,,1617131582453,0,,,,,,1.0000,0.0000,0.0000,-0.0003,0.0082,,,1,42,
3,1019600089,TSLA,TSLA210401P00100000,put,100,0.01,36,0.00,0,2021-04-01,2021-03-29T18:10:16.000+0000,1617123094000,0,0.01,0.01,,,,0.0000,0.0000,0.0000,0.0000,0.0000,0.0000,0.00,1,42,7.0
4,1019600083,TSLA,TSLA210401C00150000,call,150,481.30,60,477.30,60,2021-04-01,,1617131580725,0,,,,,,1.0000,0.0000,0.0000,-0.0004,0.0123,,,1,41,
5,1019600090,TSLA,TSLA210401P00150000,put,150,0.01,153,0.00,0,2021-04-01,2021-03-29T19:28:55.000+0000,1617111924000,0,0.01,0.01,,,,0.0000,0.0000,0.0000,0.0000,0.0000,0.0000,0.00,1,41,9.0
6,1019600097,TSLA,TSLA210401C00200000,call,200,430.90,60,428.95,60,2021-04-01,2021-03-05T18:36:58.000+0000,1617131580725,0,398.80,398.80,,,,1.0000,0.0000,0.0000,-0.0005,0.0164,0.0000,0.00,1,40,0.0
7,1019600092,TSLA,TSLA210401P00200000,put,200,0.01,218,0.00,0,2021-04-01,2021-03-30T16:17:18.706+0000,1617127317000,7,0.01,0.01,0.01,0.01,0.01,0.0000,0.0000,0.0000,0.0000,0.0000,0.0000,0.00,1,40,56.0
8,1019600096,TSLA,TSLA210401C00250000,call,250,382.60,60,377.45,60,2021-04-01,2021-03-15T17:10:09.000+0000,1617131581438,0,452.85,452.85,,,,1.0000,0.0000,0.0000,-0.0007,0.0205,0.0000,0.00,1,39,0.0
9,1019600095,TSLA,TSLA210401P00250000,put,250,0.01,67,0.00,0,2021-04-01,2021-03-30T14:57:16.260+0000,1617124234000,156,0.01,0.01,0.01,0.01,0.01,0.0000,0.0000,0.0000,0.0000,0.0000,0.0000,0.00,1,39,75.0
10,1019600093,TSLA,TSLA210401C00300000,call,300,332.65,60,326.80,60,2021-04-01,2021-03-30T18:02:37.374+0000,1617131581204,2,316.70,307.40,322.20,322.20,316.70,1.0000,0.0000,0.0000,-0.0008,0.0247,0.0303,9.30,1,38,0.0
11,1019600094,TSLA,TSLA210401P00300000,put,300,0.01,109,0.00,0,2021-04-01,2021-03-30T19:02:39.062+0000,1617131448440,278,0.01,0.03,0.03,0.03,0.01,0.0000,0.0000,0.0000,0.0000,0.0000,-0.6667,-0.02,1,38,1805.0
12,1019532315,TSLA,TSLA210401C00350000,call,350,282.15,60,277.30,60,2021-04-01,2021-03-30T17:06:39.424+0000,1617131582532,2,267.80,263.00,253.59,267.80,253.59,1.0000,0.0000,0.0000,-0.0009,0.0288,0.0183,4.80,1,37,-3.0
13,1019532316,TSLA,TSLA210401P00350000,put,350,0.01,101,0.00,0,2021-04-01,2021-03-30T18:45:48.234+0000,1617128269000,532,0.01,0.04,0.02,0.05,0.01,0.0000,0.0000,0.0000,0.0000,0.0000,-0.7500,-0.03,1,37,514.0
14,1019532312,TSLA,TSLA210401C00360000,call,360,272.75,60,267.00,60,2021-04-01,2021-03-30T15:07:05.887+0000,1617131582431,1,252.00,265.70,252.00,252.00,252.00,1.0000,0.0000,0.0000,-0.0009,0.0296,-0.0516,-13.70,1,36,0.0
15,1019532317,TSLA,TSLA210401P00360000,put,360,0.02,12,0.00,0,2021-04-01,2021-03-30T18:23:38.226+0000,1617131581691,202,0.03,0.04,0.06,0.07,0.01,0.0000,0.0000,0.0000,0.0000,0.0000,-0.2500,-0.01,1,36,74.0
16,1019532313,TSLA,TSLA210401C00370000,call,370,261.95,60,257.05,60,2021-04-01,2021-03-25T18:27:07.000+0000,1617131580719,0,257.50,257.50,,,,1.0000,0.0000,0.0000,-0.0010,0.0304,0.0000,0.00,1,35,0.0
17,1019532320,TSLA,TSLA210401P00370000,put,370,0.03,35,0.01,1,2021-04-01,2021-03-30T18:51:14.762+0000,1617131581459,77,0.01,0.05,0.04,0.09,0.01,0.0000,0.0000,0.0000,0.0000,0.0000,-0.8000,-0.04,1,35,97.0
18,1019532314,TSLA,TSLA210401C00380000,call,380,252.20,60,247.30,60,2021-04-01,2021-03-26T16:08:30.000+0000,1617131582370,0,231.67,231.67,,,,1.0000,0.0000,0.0000,-0.0010,0.0312,0.0000,0.00,1,34,0.0
19,1019532321,TSLA,TSLA210401P00380000,put,380,0.01,25,0.00,0,2021-04-01,2021-03-30T19:07:51.210+0000,1617131277994,300,0.01,0.07,0.05,0.13,0.01,0.0000,0.0000,0.0000,0.0000,0.0000,-0.8571,-0.06,1,34,197.0
20,1019532319,TSLA,TSLA210401C00390000,call,390,242.60,60,236.90,60,2021-04-01,2021-03-30T14:45:23.166+0000,1617131582359,1,224.31,222.00,224.31,224.31,224.31,1.0000,0.0000,0.0000,-0.0010,0.0321,0.0104,2.31,1,33,0.0
21,1019532318,TSLA,TSLA210401P00390000,put,390,0.03,8,0.02,5,2021-04-01,2021-03-30T18:00:02.811+0000,1617131581423,171,0.02,0.08,0.12,0.15,0.01,0.0000,0.0000,0.0000,0.0000,0.0000,-0.7500,-0.06,1,33,195.0
22,1019532328,TSLA,TSLA210401C00400000,call,400,232.10,60,227.30,60,2021-04-01,2021-03-30T15:37:40.959+0000,1617131582538,6,230.00,207.80,193.75,230.00,193.75,1.0000,0.0000,0.0000,-0.0010,0.0329,0.1068,22.20,1,32,1.0
23,1019532322,TSLA,TSLA210401P00400000,put,400,0.03,20,0.02,51,2021-04-01,2021-03-30T19:11:56.898+0000,1617131580514,703,0.02,0.10,0.10,0.21,0.01,0.0000,0.0000,0.0000,0.0000,0.0000,-0.8000,-0.08,1,32,980.0
24,1019532325,TSLA,TSLA210401C00410000,call,410,222.60,60,216.85,60,2021-04-01,2021-03-29T14:09:15.000+0000,1617131581505,0,188.10,188.10,,,,1.0000,0.0000,0.0000,-0.0011,0.0337,0.0000,0.00,1,31,1.0
25,1019532327,TSLA,TSLA210401P00410000,put,410,0.04,27,0.03,27,2021-04-01,2021-03-30T18:28:18.198+0000,1617131582037,313,0.03,0.13,0.17,0.24,0.02,0.0000,0.0000,0.0000,0.0000,0.0000,-0.7692,-0.10,1,31,156.0
26,1019532330,TSLA,TSLA210401C00420000,call,420,212.60,60,206.85,60,2021-04-01,2021-03-29T14:28:53.000+0000,1617131581438,0,183.90,183.90,,,,1.0000,0.0000,0.0000,-0.0011,0.0345,0.0000,0.00,1,30,1.0
27,1019532324,TSLA,TSLA210401P00420000,put,420,0.04,25,0.03,4,2021-04-01,2021-03-30T19:12:30.280+0000,1617131581482,371,0.04,0.15,0.15,0.30,0.02,0.0000,0.0000,0.0000,0.0000,0.0000,-0.7333,-0.11,1,30,58.0
28,1019532326,TSLA,TSLA210401C00430000,call,430,201.65,60,196.85,60,2021-04-01,2021-03-26T19:00:30.000+0000,1617131581438,0,182.07,182.07,,,,1.0000,0.0000,0.0000,-0.0011,0.0353,0.0000,0.00,1,29,0.0
29,1019532323,TSLA,TSLA210401P00430000,put,430,0.05,39,0.03,31,2021-04-01,2021-03-30T18:44:24.940+0000,1617131581446,719,0.03,0.16,0.25,0.39,0.02,0.0000,0.0000,0.0000,0.0000,0.0000,-0.8125,-0.13,1,29,413.0
30,1019532331,TSLA,TSLA210401C00440000,call,440,191.90,60,188.70,60,2021-04-01,2021-03-30T15:49:30.721+0000,1617131581432,1,187.25,169.03,187.25,187.25,187.25,1.0000,0.0000,0.0000,-0.0011,0.0362,0.1078,18.22,1,28,0.0
31,1019532329,TSLA,TSLA210401P00440000,put,440,0.06,42,0.05,1,2021-04-01,2021-03-30T19:12:53.706+0000,1617131581832,642,0.06,0.21,0.23,0.47,0.04,0.0000,0.0000,0.0000,0.0000,0.0000,-0.7143,-0.15,1,28,221.0
32,1019455088,TSLA,TSLA210401C00450000,call,450,180.25,47,177.25,60,2021-04-01,2021-03-30T18:01:49.931+0000,1617131582264,16,166.52,160.30,144.50,166.52,142.90,1.0000,0.0000,0.0000,-0.0012,0.0370,0.0388,6.22,1,27,23.0
33,1019455091,TSLA,TSLA210401P00450000,put,450,0.07,13,0.06,10,2021-04-01,2021-03-30T19:11:27.009+0000,1617131581971,3936,0.07,0.30,0.29,0.59,0.06,0.0000,0.0000,0.0000,0.0000,0.0000,-0.7667,-0.23,1,27,178.0
34,1019455093,TSLA,TSLA210401C00460000,call,460,171.35,60,166.90,60,2021-04-01,2021-03-29T13:33:32.000+0000,1617131581438,0,152.85,152.85,,,,1.0000,0.0000,0.0000,-0.0012,0.0378,0.0000,0.00,1,26,0.0
35,1019455092,TSLA,TSLA210401P00460000,put,460,0.09,36,0.07,1,2021-04-01,2021-03-30T19:11:51.910+0000,1617131582037,1136,0.08,0.35,0.36,0.72,0.07,0.0000,0.0000,0.0000,0.0000,0.0000,-0.7714,-0.27,1,26,473.0
36,1019455090,TSLA,TSLA210401C00470000,call,470,162.50,60,156.90,60,2021-04-01,2021-03-30T14:46:26.408+0000,1617131581432,1,143.65,137.44,143.65,143.65,143.65,1.0000,0.0000,0.0000,-0.0012,0.0386,0.0452,6.21,1,25,2.0
37,1019455089,TSLA,TSLA210401P00470000,put,470,0.11,9,0.09,2,2021-04-01,2021-03-30T19:09:36.392+0000,1617131581440,1261,0.10,0.42,0.45,0.91,0.09,0.0000,0.0000,0.0000,0.0000,0.0000,-0.7619,-0.32,1,25,497.0
38,1019455097,TSLA,TSLA210401C00480000,call,480,150.45,60,149.15,60,2021-04-01,2021-03-30T14:11:15.730+0000,1617131581445,3,120.80,132.25,120.80,120.80,120.80,1.0000,0.0000,0.0000,-0.0013,0.0395,-0.0866,-11.45,1,24,2.0
39,1019455095,TSLA,TSLA210401P00480000,put,480,0.13,11,0.10,50,2021-04-01,2021-03-30T19:09:16.925+0000,1617131582609,5219,0.11,0.55,0.53,1.13,0.11,0.0000,0.0000,0.0000,0.0000,0.0000,-0.8000,-0.44,1,24,1025.0
40,1019455105,TSLA,TSLA210401C00490000,call,490,141.25,5,139.00,5,2021-04-01,2021-03-30T14:11:15.730+0000,1617131580583,4,110.95,115.00,109.55,110.95,109.55,1.0000,0.0000,0.0000,-0.0013,0.0403,-0.0352,-4.05,1,23,3.0
41,1019455104,TSLA,TSLA210401P00490000,put,490,0.15,13,0.13,5,2021-04-01,2021-03-30T19:08:59.640+0000,1617131582079,1189,0.15,0.66,0.73,1.39,0.13,0.0000,0.0000,0.0000,0.0000,0.0000,-0.7727,-0.51,1,23,652.0
42,1019455098,TSLA,TSLA210401C00500000,call,500,130.35,46,127.65,60,2021-04-01,2021-03-30T18:39:41.030+0000,1617131582538,383,123.10,111.05,98.00,128.55,94.00,1.0000,0.0000,0.0000,-0.0013,0.0411,0.1085,12.05,1,22,40.0
43,1019455107,TSLA,TSLA210401P00500000,put,500,0.18,13,0.16,7,2021-04-01,2021-03-30T19:12:25.395+0000,1617131582042,13088,0.17,0.80,0.92,1.76,0.16,0.0000,0.0000,0.0000,0.0000,0.0000,-0.7875,-0.63,1,22,1442.0
44,1019455101,TSLA,TSLA210401C00510000,call,510,120.45,55,119.40,46,2021-04-01,2021-03-30T18:44:10.959+0000,1617131581626,7,116.30,99.91,89.55,116.30,86.15,1.0000,0.0000,0.0000,-0.0013,0.0419,0.1640,16.39,1,21,-1.0
45,1019455106,TSLA,TSLA210401P00510000,put,510,0.22,41,0.18,42,2021-04-01,2021-03-30T19:12:54.600+0000,1617131581446,1773,0.22,0.96,1.12,2.21,0.20,0.0000,0.0000,0.0000,0.0000,0.0000,-0.7708,-0.74,1,21,107.0
46,1019455100,TSLA,TSLA210401C00520000,call,520,110.15,6,109.70,20,2021-04-01,2021-03-30T18:57:00.337+0000,1617131582010,73,108.00,91.80,79.15,108.00,76.50,1.0000,0.0000,0.0000,-0.0014,0.0427,0.1765,16.20,1,20,27.0
47,1019455099,TSLA,TSLA210401P00520000,put,520,0.26,15,0.24,7,2021-04-01,2021-03-30T19:11:09.824+0000,1617131581697,3181,0.25,1.26,1.58,2.83,0.24,0.0000,0.0000,0.0000,0.0000,0.0000,-0.8016,-1.01,1,20,292.0
48,1019455094,TSLA,TSLA210401C00530000,call,530,100.20,6,99.85,6,2021-04-01,2021-03-30T19:10:54.063+0000,1617131582164,112,100.40,81.90,75.10,100.40,65.06,1.0000,0.0000,0.0000,-0.0014,0.0436,0.2259,18.50,1,19,52.0
49,1019455102,TSLA,TSLA210401P00530000,put,530,0.31,18,0.30,3,2021-04-01,2021-03-30T19:12:35.999+0000,1617131580560,3935,0.30,1.66,2.08,3.70,0.30,0.0000,0.0000,0.0000,0.0000,0.0000,-0.8193,-1.36,1,19,1255.0
50,1019455103,TSLA,TSLA210401C00540000,call,540,90.30,7,89.95,5,2021-04-01,2021-03-30T19:05:20.485+0000,1617131582593,157,90.05,71.30,65.65,94.15,56.75,1.0000,0.0000,0.0000,-0.0014,0.0444,0.2630,18.75,1,18,29.0
51,1019455096,TSLA,TSLA210401P00540000,put,540,0.40,14,0.38,9,2021-04-01,2021-03-30T19:13:01.434+0000,1617131582458,8643,0.40,2.16,2.72,4.70,0.38,0.0000,0.0000,0.0000,0.0000,0.0000,-0.8148,-1.76,1,18,558.0
52,1019455110,TSLA,TSLA210401C00550000,call,550,80.40,4,80.00,16,2021-04-01,2021-03-30T19:05:47.810+0000,1617131582817,1709,80.35,62.10,56.42,81.50,47.73,1.0000,0.0000,0.0000,-0.0014,0.0452,0.2939,18.25,1,17,245.0
53,1019455114,TSLA,TSLA210401P00550000,put,550,0.51,12,0.50,5,2021-04-01,2021-03-30T19:13:00.403+0000,1617131581423,23284,0.52,2.95,3.67,6.15,0.48,0.0000,0.0000,0.0000,0.0000,0.0000,-0.8237,-2.43,1,17,3024.0
54,1019455117,TSLA,TSLA210401C00560000,call,560,70.80,36,70.15,22,2021-04-01,2021-03-30T19:10:54.050+0000,1617131582359,595,70.80,54.50,49.15,73.21,38.80,1.0000,0.0000,0.0000,-0.0015,0.0460,0.2991,16.30,1,16,36.0
55,1019455111,TSLA,TSLA210401P00560000,put,560,0.70,25,0.68,5,2021-04-01,2021-03-30T19:12:57.865+0000,1617131582369,7452,0.68,3.95,4.93,8.00,0.67,0.0000,0.0000,0.0000,0.0000,0.0000,-0.8278,-3.27,1,16,820.0
56,1019455113,TSLA,TSLA210401C00570000,call,570,60.90,7,60.55,6,2021-04-01,2021-03-30T19:12:56.223+0000,1617131582458,628,60.25,45.85,40.15,63.10,31.80,1.0000,0.0000,0.0000,-0.0015,0.0468,0.3141,14.40,1,15,15.0
57,1019455115,TSLA,TSLA210401P00570000,put,570,1.00,10,0.97,21,2021-04-01,2021-03-30T19:12:57.865+0000,1617131581389,5639,1.02,5.00,6.68,10.45,0.97,0.0000,0.0000,0.0000,0.0000,0.0000,-0.7960,-3.98,1,15,1189.0
58,1020036403,TSLA,TSLA210401C00575000,call,575,56.10,4,55.80,1,2021-04-01,2021-03-30T19:11:14.653+0000,1617131581704,398,56.65,42.25,36.25,57.35,28.20,1.0000,0.0000,0.0000,-0.0015,0.0473,0.3408,14.40,1,14,59.0
59,1020036404,TSLA,TSLA210401P00575000,put,575,1.22,13,1.20,20,2021-04-01,2021-03-30T19:12:33.324+0000,1617131582042,4715,1.19,6.20,7.60,11.95,1.17,0.0000,0.0000,0.0000,0.0000,0.0000,-0.8081,-5.01,1,14,454.0
60,1019455109,TSLA,TSLA210401C00580000,call,580,51.40,9,51.05,12,2021-04-01,2021-03-30T19:11:51.985+0000,1617131582058,2291,51.70,37.35,32.39,53.50,25.00,1.0000,0.0000,0.0000,-0.0015,0.0477,0.3842,14.35,1,13,72.0
61,1019455108,TSLA,TSLA210401P00580000,put,580,1.51,38,1.49,1,2021-04-01,2021-03-30T19:12:08.727+0000,1617131581644,15046,1.46,6.90,8.93,13.65,1.45,0.0000,0.0000,0.0000,0.0000,0.0000,-0.7884,-5.44,1,13,-191.0
62,1020036405,TSLA,TSLA210401C00585000,call,585,46.75,7,46.40,13,2021-04-01,2021-03-30T19:10:58.959+0000,1617131582605,553,47.05,33.50,28.00,49.00,21.70,1.0000,0.0000,0.0000,-0.0015,0.0481,0.4045,13.55,1,12,103.0
63,1020036402,TSLA,TSLA210401P00585000,put,585,1.86,2,1.83,15,2021-04-01,2021-03-30T19:12:58.409+0000,1617131582742,5005,1.89,8.30,9.90,15.49,1.79,0.0000,0.0000,0.0000,0.0000,0.0000,-0.7723,-6.41,1,12,274.0
64,1019455116,TSLA,TSLA210401C00590000,call,590,42.20,4,41.90,3,2021-04-01,2021-03-30T19:13:01.941+0000,1617131581941,5056,42.11,30.50,24.25,46.17,18.80,1.0000,0.0000,0.0000,-0.0015,0.0485,0.3807,11.61,1,11,96.0
65,1019455112,TSLA,TSLA210401P00590000,put,590,2.33,3,2.29,4,2021-04-01,2021-03-30T19:12:57.642+0000,1617131582048,20200,2.38,9.45,11.95,17.75,2.21,0.0000,0.0000,0.0000,0.0000,0.0000,-0.7481,-7.07,1,11,787.0
66,1019538988,TSLA,TSLA210401C00595000,call,595,37.80,11,37.50,5,2021-04-01,2021-03-30T19:12:55.586+0000,1617131582883,4067,37.55,26.85,21.10,41.00,16.10,1.0000,0.0000,0.0000,-0.0015,0.0489,0.3985,10.70,1,10,26.0
67,1019538989,TSLA,TSLA210401P00595000,put,595,2.94,1,2.88,4,2021-04-01,2021-03-30T19:13:00.485+0000,1617131582489,11366,2.93,10.91,13.60,19.95,2.80,0.0000,0.0000,0.0000,0.0000,0.0000,-0.7314,-7.98,1,10,578.0
68,1019261818,TSLA,TSLA210401C00600000,call,600,33.55,6,33.25,6,2021-04-01,2021-03-30T19:12:55.424+0000,1617131582796,23259,33.33,23.65,18.00,37.90,13.75,1.0000,0.0000,0.0000,-0.0016,0.0493,0.4093,9.68,1,9,1089.0
69,1019261821,TSLA,TSLA210401P00600000,put,600,3.70,34,3.60,56,2021-04-01,2021-03-30T19:13:00.701+0000,1617131582637,45025,3.75,12.50,16.20,22.65,3.50,0.0000,0.0000,0.0000,0.0000,0.0000,-0.7000,-8.75,1,9,516.0
70,1019532333,TSLA,TSLA210401C00605000,call,605,29.50,8,29.20,6,2021-04-01,2021-03-30T19:12:47.934+0000,1617131582864,7418,29.25,20.40,15.60,33.62,11.45,1.0000,0.0000,0.0000,-0.0016,0.0497,0.4338,8.85,1,8,653.0
71,1019532334,TSLA,TSLA210401P00605000,put,605,4.65,22,4.55,38,2021-04-01,2021-03-30T19:12:42.248+0000,1617131581944,6511,4.63,14.20,18.65,25.30,4.45,0.0000,0.0000,0.0000,0.0000,0.0000,-0.6739,-9.57,1,8,402.0
72,1019261820,TSLA,TSLA210401C00610000,call,610,25.65,2,25.40,1,2021-04-01,2021-03-30T19:12:57.034+0000,1617131581640,20892,25.22,17.97,13.19,30.00,9.60,1.0000,0.0000,0.0000,-0.0016,0.0501,0.4035,7.25,1,7,2196.0
73,1019261819,TSLA,TSLA210401P00610000,put,610,5.85,34,5.75,1,2021-04-01,2021-03-30T19:12:47.217+0000,1617131582349,16430,5.80,16.60,21.35,28.40,5.52,0.0000,0.0000,0.0000,0.0000,0.0000,-0.6506,-10.80,1,7,580.0
74,1019532336,TSLA,TSLA210401C00615000,call,615,22.05,3,21.80,13,2021-04-01,2021-03-30T19:12:51.811+0000,1617131582520,12276,21.91,15.55,11.15,26.30,7.90,1.0000,0.0000,0.0000,-0.0016,0.0505,0.4090,6.36,1,6,884.0
75,1019532332,TSLA,TSLA210401P00615000,put,615,7.25,4,7.15,14,2021-04-01,2021-03-30T19:13:01.807+0000,1617131582666,12575,7.20,19.30,23.86,31.20,6.99,0.0000,0.0000,0.0000,0.0000,0.0000,-0.6269,-12.10,1,6,159.0
76,1019261814,TSLA,TSLA210401C00620000,call,620,18.75,1,18.55,11,2021-04-01,2021-03-30T19:13:00.884+0000,1617131581837,44944,18.55,13.11,9.45,23.12,6.40,1.0000,0.0000,0.0000,-0.0016,0.0510,0.4150,5.44,1,5,2133.0
77,1019261825,TSLA,TSLA210401P00620000,put,620,9.00,27,8.95,10,2021-04-01,2021-03-30T19:13:02.737+0000,1617131582737,24537,8.95,22.22,27.20,35.45,8.50,0.0000,0.0000,0.0000,0.0000,0.0000,-0.5972,-13.27,1,5,69.0
78,1020036407,TSLA,TSLA210401C00622500,call,622.5,17.30,24,17.05,9,2021-04-01,2021-03-30T19:13:01.619+0000,1617131582631,7771,17.10,11.80,8.55,21.15,5.80,1.0000,0.0000,0.0000,-0.0016,0.0512,0.4492,5.30,1,4,202.0
79,1020036406,TSLA,TSLA210401P00622500,put,622.5,9.95,4,9.85,23,2021-04-01,2021-03-30T19:12:54.982+0000,1617131582165,3823,9.95,23.85,30.00,36.65,9.54,0.0000,0.0000,0.0000,0.0000,0.0000,-0.5828,-13.90,1,4,31.0
80,1019532337,TSLA,TSLA210401C00625000,call,625,15.80,8,15.65,14,2021-04-01,2021-03-30T19:13:00.927+0000,1617131581958,20521,15.60,11.00,7.85,20.00,5.20,1.0000,0.0000,0.0000,-0.0016,0.0514,0.4182,4.60,1,3,450.0
81,1019532338,TSLA,TSLA210401P00625000,put,625,11.05,11,10.85,25,2021-04-01,2021-03-30T19:13:00.455+0000,1617131582513,6286,11.10,25.30,31.05,38.55,10.45,0.0000,0.0000,0.0000,0.0000,0.0000,-0.5613,-14.20,1,3,68.0
82,1020036410,TSLA,TSLA210401C00627500,call,627.5,14.45,9,14.25,10,2021-04-01,2021-03-30T19:13:00.418+0000,1617131582458,5678,14.25,10.10,7.26,18.50,4.82,1.0000,0.0000,0.0000,-0.0016,0.0516,0.4109,4.15,1,2,68.0
83,1020036413,TSLA,TSLA210401P00627500,put,627.5,12.15,5,12.00,20,2021-04-01,2021-03-30T19:13:01.018+0000,1617131582048,2958,12.20,27.85,32.25,40.84,11.50,0.0000,0.0000,0.0000,0.0000,0.0000,-0.5619,-15.65,1,2,29.0
84,1019261815,TSLA,TSLA210401C00630000,call,630,13.10,10,12.95,35,2021-04-01,2021-03-30T19:13:01.374+0000,1617131582359,34765,13.02,9.35,6.40,17.26,4.24,1.0000,0.0000,0.0000,-0.0016,0.0518,0.3925,3.67,1,1,1292.0
85,1019261817,TSLA,TSLA210401P00630000,put,630,13.40,6,13.25,22,2021-04-01,2021-03-30T19:13:02.795+0000,1617131582795,6022,13.25,28.25,32.00,43.08,12.74,0.0000,0.0000,0.0000,0.0000,0.0000,-0.5310,-15.00,1,1,-240.0
86,1020036408,TSLA,TSLA210401C00632500,call,632.5,11.95,3,11.80,20,2021-04-01,2021-03-30T19:13:00.684+0000,1617131582605,3168,11.60,8.40,5.70,16.05,3.80,0.0000,0.0000,0.0000,0.0000,0.0000,0.3810,3.20,1,1,354.0
87,1020036412,TSLA,TSLA210401P00632500,put,632.5,14.75,26,14.50,23,2021-04-01,2021-03-30T19:12:36.048+0000,1617131582109,1465,14.60,32.05,40.50,44.05,14.10,-1.0000,0.0000,0.0000,0.0016,-0.0520,-0.5445,-17.45,1,1,101.0
88,1019532339,TSLA,TSLA210401C00635000,call,635,10.85,26,10.70,20,2021-04-01,2021-03-30T19:13:01.986+0000,1617131581986,6594,10.73,7.65,5.29,14.85,3.40,0.0000,0.0000,0.0000,0.0000,0.0000,0.4026,3.08,1,2,162.0
89,1019532335,TSLA,TSLA210401P00635000,put,635,16.10,4,15.95,2,2021-04-01,2021-03-30T19:13:00.473+0000,1617131582495,935,16.05,32.00,39.37,47.24,15.35,-1.0000,0.0000,0.0000,0.0017,-0.0522,-0.4984,-15.95,1,2,-10.0
90,1020036411,TSLA,TSLA210401C00637500,call,637.5,9.80,9,9.65,3,2021-04-01,2021-03-30T19:12:18.947+0000,1617131582681,1828,10.05,6.95,4.76,13.47,3.09,0.0000,0.0000,0.0000,0.0000,0.0000,0.4460,3.10,1,3,71.0
91,1020036409,TSLA,TSLA210401P00637500,put,637.5,17.60,27,17.30,29,2021-04-01,2021-03-30T19:08:32.905+0000,1617131582861,221,16.85,35.40,38.67,47.95,16.80,-1.0000,0.0000,0.0000,0.0017,-0.0524,-0.5240,-18.55,1,3,50.0
92,1019261822,TSLA,TSLA210401C00640000,call,640,8.80,3,8.70,2,2021-04-01,2021-03-30T19:13:02.555+0000,1617131582555,16579,8.74,6.39,4.30,12.60,2.69,0.0000,0.0000,0.0000,0.0000,0.0000,0.3678,2.35,1,4,448.0
93,1019261824,TSLA,TSLA210401P00640000,put,640,19.15,32,18.90,9,2021-04-01,2021-03-30T19:11:49.873+0000,1617131581944,4123,18.72,35.82,40.69,51.55,18.15,-1.0000,0.0000,0.0000,0.0017,-0.0526,-0.4774,-17.10,1,4,-468.0
94,1019765901,TSLA,TSLA210401C00642500,call,642.5,7.95,22,7.80,29,2021-04-01,2021-03-30T19:12:23.349+0000,1617131582217,2269,8.00,5.75,3.75,11.55,2.45,0.0000,0.0000,0.0000,0.0000,0.0000,0.3913,2.25,1,5,32.0
95,1019765900,TSLA,TSLA210401P00642500,put,642.5,20.75,10,20.45,28,2021-04-01,2021-03-30T19:08:28.908+0000,1617131582553,411,19.79,37.45,48.65,53.70,19.79,-1.0000,0.0000,0.0000,0.0017,-0.0528,-0.4716,-17.66,1,5,-22.0
96,1019532342,TSLA,TSLA210401C00645000,call,645,7.15,35,7.00,6,2021-04-01,2021-03-30T19:13:00.376+0000,1617131582465,3071,6.95,5.20,3.35,10.52,2.20,0.0000,0.0000,0.0000,0.0000,0.0000,0.3365,1.75,1,6,98.0
97,1019532345,TSLA,TSLA210401P00645000,put,645,22.45,6,22.10,32,2021-04-01,2021-03-30T19:01:21.994+0000,1617131582643,1141,23.71,41.05,47.77,55.50,22.24,-1.0000,0.0000,0.0000,0.0017,-0.0530,-0.4224,-17.34,1,6,-5.0
98,1019683434,TSLA,TSLA210401C00647500,call,647.5,6.40,29,6.25,19,2021-04-01,2021-03-30T19:11:01.677+0000,1617131582135,1331,6.50,4.85,3.40,9.63,1.97,0.0000,0.0000,0.0000,0.0000,0.0000,0.3402,1.65,1,7,115.0
99,1019683435,TSLA,TSLA210401P00647500,put,647.5,24.25,30,23.95,10,2021-04-01,2021-03-30T19:06:33.227+0000,1617131582795,239,24.45,42.25,51.75,56.97,24.25,-1.0000,0.0000,0.0000,0.0017,-0.0532,-0.4213,-17.80,1,7,0.0
100,1019261816,TSLA,TSLA210401C00650000,call,650,5.65,1,5.55,43,2021-04-01,2021-03-30T19:13:01.106+0000,1617131582135,39635,5.55,4.40,2.86,8.90,1.75,0.0000,0.0000,0.0000,0.0000,0.0000,0.2614,1.15,1,8,3181.0
101,1019261823,TSLA,TSLA210401P00650000,put,650,26.05,9,25.75,12,2021-04-01,2021-03-30T19:13:01.334+0000,1617131582079,2070,25.85,43.35,50.77,60.80,25.00,-1.0000,0.0000,0.0000,0.0017,-0.0534,-0.4037,-17.50,1,8,36.0
102,1019683436,TSLA,TSLA210401C00652500,call,652.5,5.10,24,4.95,30,2021-04-01,2021-03-30T19:12:43.783+0000,1617131581980,1776,5.00,3.90,2.68,8.05,1.60,0.0000,0.0000,0.0000,0.0000,0.0000,0.2821,1.10,1,9,165.0
103,1019683440,TSLA,TSLA210401P00652500,put,652.5,27.95,2,27.65,1,2021-04-01,2021-03-30T18:37:09.678+0000,1617131581633,363,32.85,45.58,57.55,60.45,28.00,-1.0000,0.0000,0.0000,0.0017,-0.0536,-0.2793,-12.73,1,9,-35.0
104,1019532344,TSLA,TSLA210401C00655000,call,655,4.55,38,4.40,45,2021-04-01,2021-03-30T19:12:56.161+0000,1617131582883,3494,4.44,3.50,2.33,7.30,1.42,0.0000,0.0000,0.0000,0.0000,0.0000,0.2686,0.94,1,10,262.0
105,1019532341,TSLA,TSLA210401P00655000,put,655,29.90,2,29.60,1,2021-04-01,2021-03-30T19:05:23.781+0000,1617131581633,633,30.00,46.00,58.90,65.00,29.36,-1.0000,0.0000,0.0000,0.0017,-0.0538,-0.3478,-16.00,1,10,67.0
106,1019683441,TSLA,TSLA210401C00657500,call,657.5,4.05,35,3.90,14,2021-04-01,2021-03-30T19:13:00.436+0000,1617131582508,1475,3.95,3.15,2.15,6.65,1.27,0.0000,0.0000,0.0000,0.0000,0.0000,0.2540,0.80,1,11,199.0
107,1019683437,TSLA,TSLA210401P00657500,put,657.5,31.95,32,31.60,6,2021-04-01,2021-03-30T19:10:58.959+0000,1617131582795,113,31.45,50.20,65.15,65.15,31.45,-1.0000,0.0000,0.0000,0.0017,-0.0540,-0.3735,-18.75,1,11,-88.0
108,1019261826,TSLA,TSLA210401C00660000,call,660,3.60,19,3.45,17,2021-04-01,2021-03-30T19:13:00.436+0000,1617131582508,9165,3.50,2.87,1.93,6.12,1.14,0.0000,0.0000,0.0000,0.0000,0.0000,0.2195,0.63,1,12,922.0
109,1019261837,TSLA,TSLA210401P00660000,put,660,34.00,11,33.65,6,2021-04-01,2021-03-30T19:12:44.850+0000,1617131582513,579,34.00,52.25,59.81,69.89,32.55,-1.0000,0.0000,0.0000,0.0017,-0.0542,-0.3493,-18.25,1,12,-8.0
110,1019683438,TSLA,TSLA210401C00662500,call,662.5,3.20,40,3.10,6,2021-04-01,2021-03-30T19:11:06.334+0000,1617131582058,1100,3.30,2.65,1.82,5.55,1.04,0.0000,0.0000,0.0000,0.0000,0.0000,0.2453,0.65,1,13,122.0
111,1019683439,TSLA,TSLA210401P00662500,put,662.5,36.10,12,35.75,5,2021-04-01,2021-03-30T19:02:50.184+0000,1617131582513,109,37.35,55.25,70.00,70.00,36.55,-1.0000,0.0000,0.0000,0.0017,-0.0545,-0.3240,-17.90,1,13,-1.0
112,1019532343,TSLA,TSLA210401C00665000,call,665,2.82,21,2.76,19,2021-04-01,2021-03-30T19:12:55.845+0000,1617131582217,3348,2.77,2.37,1.55,5.11,0.94,0.0000,0.0000,0.0000,0.0000,0.0000,0.1688,0.40,1,14,424.0
113,1019532340,TSLA,TSLA210401P00665000,put,665,38.25,14,37.90,5,2021-04-01,2021-03-30T19:12:48.087+0000,1617131582458,278,38.16,55.18,63.66,74.04,37.20,-1.0000,0.0000,0.0000,0.0017,-0.0547,-0.3084,-17.02,1,14,110.0
114,1019683449,TSLA,TSLA210401C00667500,call,667.5,2.48,1,2.44,11,2021-04-01,2021-03-30T19:12:40.453+0000,1617131582217,1562,2.51,2.15,1.60,4.55,0.90,0.0000,0.0000,0.0000,0.0000,0.0000,0.1674,0.36,1,15,107.0
115,1019683448,TSLA,TSLA210401P00667500,put,667.5,40.45,19,40.10,1,2021-04-01,2021-03-30T19:06:41.469+0000,1617131581813,81,40.59,59.75,64.25,74.99,40.59,-1.0000,0.0000,0.0000,0.0017,-0.0549,-0.3207,-19.16,1,15,-34.0
116,1019261839,TSLA,TSLA210401C00670000,call,670,2.22,1,2.18,18,2021-04-01,2021-03-30T19:12:50.248+0000,1617131582817,8287,2.18,2.02,1.25,4.20,0.78,0.0000,0.0000,0.0000,0.0000,0.0000,0.0792,0.16,1,16,487.0
117,1019261835,TSLA,TSLA210401P00670000,put,670,42.65,13,42.30,6,2021-04-01,2021-03-30T19:04:27.377+0000,1617131582037,265,42.38,61.90,69.24,77.18,41.80,-1.0000,0.0000,0.0000,0.0017,-0.0551,-0.3153,-19.52,1,16,-69.0
118,1019683445,TSLA,TSLA210401C00672500,call,672.5,1.97,2,1.92,11,2021-04-01,2021-03-30T19:12:56.161+0000,1617131582710,912,1.94,1.84,1.19,3.80,0.72,0.0000,0.0000,0.0000,0.0000,0.0000,0.0543,0.10,1,17,45.0
119,1019683444,TSLA,TSLA210401P00672500,put,672.5,44.90,5,44.55,3,2021-04-01,2021-03-30T18:37:00.066+0000,1617131581633,103,50.75,63.75,79.81,79.81,45.85,-1.0000,0.0000,0.0000,0.0018,-0.0553,-0.2039,-13.00,1,17,-25.0
120,1019532347,TSLA,TSLA210401C00675000,call,675,1.75,4,1.70,29,2021-04-01,2021-03-30T19:13:00.589+0000,1617131581606,4270,1.75,1.60,1.04,3.50,0.67,0.0000,0.0000,0.0000,0.0000,0.0000,0.0938,0.15,1,18,749.0
121,1019532349,TSLA,TSLA210401P00675000,put,675,47.20,12,46.80,14,2021-04-01,2021-03-30T19:12:48.087+0000,1617131582458,150,47.11,65.00,74.00,81.80,46.22,-1.0000,0.0000,0.0000,0.0018,-0.0555,-0.2752,-17.89,1,18,-13.0
122,1019683447,TSLA,TSLA210401C00677500,call,677.5,1.56,1,1.52,13,2021-04-01,2021-03-30T19:12:32.759+0000,1617131581746,759,1.60,1.49,0.95,3.00,0.61,0.0000,0.0000,0.0000,0.0000,0.0000,0.0738,0.11,1,19,158.0
123,1019683446,TSLA,TSLA210401P00677500,put,677.5,49.50,4,49.15,2,2021-04-01,2021-03-30T18:57:52.945+0000,1617131581633,25,51.50,65.95,80.65,80.65,51.50,-1.0000,0.0000,0.0000,0.0018,-0.0557,-0.2191,-14.45,1,19,-62.0
124,1019261836,TSLA,TSLA210401C00680000,call,680,1.39,1,1.35,13,2021-04-01,2021-03-30T19:12:58.846+0000,1617131581493,5866,1.32,1.32,0.92,2.87,0.56,0.0000,0.0000,0.0000,0.0000,0.0000,0.0000,0.00,1,20,881.0
125,1019261834,TSLA,TSLA210401P00680000,put,680,51.85,13,51.45,8,2021-04-01,2021-03-30T19:09:08.814+0000,1617131582660,200,50.40,68.30,81.21,88.57,50.40,-1.0000,0.0000,0.0000,0.0018,-0.0559,-0.2621,-17.90,1,20,-116.0
126,1019683443,TSLA,TSLA210401C00682500,call,682.5,1.24,5,1.21,1,2021-04-01,2021-03-30T19:12:45.564+0000,1617131581361,639,1.21,1.24,0.84,2.60,0.52,0.0000,0.0000,0.0000,0.0000,0.0000,-0.0242,-0.03,1,21,157.0
127,1019683442,TSLA,TSLA210401P00682500,put,682.5,54.20,14,53.80,8,2021-04-01,2021-03-30T19:10:54.141+0000,1617131582867,28,53.70,71.65,83.64,83.64,53.70,-1.0000,0.0000,0.0000,0.0018,-0.0561,-0.2505,-17.95,1,21,-12.0
128,1019532350,TSLA,TSLA210401C00685000,call,685,1.10,2,1.08,16,2021-04-01,2021-03-30T19:13:01.746+0000,1617131582741,1334,1.10,1.12,0.78,2.35,0.49,0.0000,0.0000,0.0000,0.0000,0.0000,-0.0179,-0.02,1,22,226.0
129,1019532346,TSLA,TSLA210401P00685000,put,685,56.55,1,56.20,5,2021-04-01,2021-03-30T19:01:01.253+0000,1617131581633,83,58.05,75.45,91.19,93.67,55.75,-1.0000,0.0000,0.0000,0.0018,-0.0563,-0.2306,-17.40,1,22,-28.0
130,1019683452,TSLA,TSLA210401C00687500,call,687.5,1.00,5,0.96,15,2021-04-01,2021-03-30T19:13:00.442+0000,1617131582514,654,0.97,1.04,0.78,2.16,0.45,0.0000,0.0000,0.0000,0.0000,0.0000,-0.0673,-0.07,1,23,-33.0
131,1019683451,TSLA,TSLA210401P00687500,put,687.5,58.95,11,58.50,2,2021-04-01,2021-03-30T19:10:54.178+0000,1617131582890,8,58.45,76.55,90.30,90.30,58.45,-1.0000,0.0000,0.0000,0.0018,-0.0565,-0.2364,-18.10,1,23,1.0
132,1019261831,TSLA,TSLA210401C00690000,call,690,0.90,11,0.86,19,2021-04-01,2021-03-30T19:11:44.166+0000,1617131582575,3091,0.93,0.96,0.64,1.97,0.40,0.0000,0.0000,0.0000,0.0000,0.0000,-0.0313,-0.03,1,24,660.0
133,1019261828,TSLA,TSLA210401P00690000,put,690,61.35,10,61.00,3,2021-04-01,2021-03-30T19:10:24.834+0000,1617131582525,314,60.55,81.85,87.65,98.75,59.80,-1.0000,0.0000,0.0000,0.0018,-0.0567,-0.2602,-21.30,1,24,-21.0
134,1019683453,TSLA,TSLA210401C00692500,call,692.5,0.81,14,0.78,9,2021-04-01,2021-03-30T19:11:43.367+0000,1617131581664,495,0.84,0.87,0.59,1.80,0.37,0.0000,0.0000,0.0000,0.0000,0.0000,-0.0345,-0.03,1,25,48.0
135,1019683450,TSLA,TSLA210401P00692500,put,692.5,63.75,8,63.40,3,2021-04-01,2021-03-30T19:04:27.282+0000,1617131582525,44,63.15,81.35,88.56,97.62,61.99,-1.0000,0.0000,0.0000,0.0018,-0.0569,-0.2237,-18.20,1,25,-17.0
136,1019532353,TSLA,TSLA210401C00695000,call,695,0.74,45,0.70,12,2021-04-01,2021-03-30T19:12:37.281+0000,1617131581681,2837,0.74,0.78,0.60,1.63,0.34,0.0000,0.0000,0.0000,0.0000,0.0000,-0.0513,-0.04,1,26,340.0
137,1019532348,TSLA,TSLA210401P00695000,put,695,66.55,51,65.55,42,2021-04-01,2021-03-30T18:58:58.668+0000,1617131582042,267,66.85,85.47,91.04,102.41,66.85,-1.0000,0.0000,0.0000,0.0018,-0.0571,-0.2179,-18.62,1,26,-25.0
138,1019261827,TSLA,TSLA210401C00700000,call,700,0.61,59,0.58,16,2021-04-01,2021-03-30T19:13:01.958+0000,1617131581958,31400,0.58,0.71,0.49,1.40,0.24,0.0000,0.0000,0.0000,0.0000,0.0000,-0.1831,-0.13,1,27,3244.0
139,1019261838,TSLA,TSLA210401P00700000,put,700,71.40,46,70.40,44,2021-04-01,2021-03-30T19:12:43.150+0000,1617131581944,809,71.03,90.02,100.60,108.24,68.00,-1.0000,0.0000,0.0000,0.0018,-0.0575,-0.2110,-18.99,1,27,-61.0
140,1019538990,TSLA,TSLA210401C00702500,call,702.5,0.55,20,0.52,26,2021-04-01,2021-03-30T19:12:58.095+0000,1617131582316,733,0.55,0.63,0.47,1.26,0.24,0.0000,0.0000,0.0000,0.0000,0.0000,-0.1270,-0.08,1,28,153.0
141,1019538991,TSLA,TSLA210401P00702500,put,702.5,73.55,10,73.00,22,2021-04-01,2021-03-30T18:59:30.440+0000,1617131582053,175,74.20,91.97,107.40,107.40,74.00,-1.0000,0.0000,0.0000,0.0018,-0.0577,-0.1932,-17.77,1,28,-9.0
142,1019532352,TSLA,TSLA210401C00705000,call,705,0.50,5,0.48,13,2021-04-01,2021-03-30T19:12:56.229+0000,1617131582471,1081,0.50,0.60,0.44,1.17,0.22,0.0000,0.0000,0.0000,0.0000,0.0000,-0.1667,-0.10,1,29,362.0
143,1019532351,TSLA,TSLA210401P00705000,put,705,76.00,8,75.60,1,2021-04-01,2021-03-30T19:06:41.873+0000,1617131582890,112,75.97,91.45,107.66,107.66,75.24,-1.0000,0.0000,0.0000,0.0018,-0.0579,-0.1693,-15.48,1,29,-70.0
144,1019538992,TSLA,TSLA210401C00707500,call,707.5,0.46,18,0.43,60,2021-04-01,2021-03-30T19:13:02.211+0000,1617131582211,331,0.44,0.57,0.40,1.07,0.21,0.0000,0.0000,0.0000,0.0000,0.0000,-0.2281,-0.13,1,30,54.0
145,1019538997,TSLA,TSLA210401P00707500,put,707.5,78.60,30,77.65,58,2021-04-01,2021-03-30T19:05:02.342+0000,1617131582187,20,78.00,104.56,78.00,78.00,78.00,-1.0000,0.0000,0.0000,0.0018,-0.0582,-0.2540,-26.56,1,30,-2.0
146,1019261830,TSLA,TSLA210401C00710000,call,710,0.42,6,0.39,36,2021-04-01,2021-03-30T19:12:47.997+0000,1617131581113,2330,0.42,0.51,0.34,1.00,0.16,0.0000,0.0000,0.0000,0.0000,0.0000,-0.1765,-0.09,1,31,814.0
147,1019261832,TSLA,TSLA210401P00710000,put,710,81.25,52,80.25,36,2021-04-01,2021-03-30T18:46:54.862+0000,1617131581440,93,85.42,100.00,111.87,118.28,80.15,-1.0000,0.0000,0.0000,0.0018,-0.0584,-0.1458,-14.58,1,31,-7.0
148,1019538993,TSLA,TSLA210401C00712500,call,712.5,0.39,20,0.36,27,2021-04-01,2021-03-30T19:08:15.520+0000,1617131581445,217,0.41,0.50,0.39,0.81,0.17,0.0000,0.0000,0.0000,0.0000,0.0000,-0.1800,-0.09,1,32,110.0
149,1019538994,TSLA,TSLA210401P00712500,put,712.5,83.75,3,82.50,3,2021-04-01,2021-03-29T13:40:06.000+0000,1617131580660,0,101.20,101.20,,,,-1.0000,0.0000,0.0000,0.0019,-0.0586,0.0000,0.00,1,32,0.0
150,1019455121,TSLA,TSLA210401C00715000,call,715,0.36,19,0.33,12,2021-04-01,2021-03-30T19:12:18.333+0000,1617131580767,361,0.38,0.45,0.36,0.86,0.15,0.0000,0.0000,0.0000,0.0000,0.0000,-0.1556,-0.07,1,33,151.0
151,1019455119,TSLA,TSLA210401P00715000,put,715,86.00,31,85.00,54,2021-04-01,2021-03-30T18:06:24.636+0000,1617131582513,23,96.10,101.35,119.95,119.95,85.80,-1.0000,0.0000,0.0000,0.0019,-0.0588,-0.0518,-5.25,1,33,-9.0
152,1019538996,TSLA,TSLA210401C00717500,call,717.5,0.34,63,0.30,45,2021-04-01,2021-03-30T19:04:49.895+0000,1617131581438,253,0.35,0.44,0.30,0.75,0.15,0.0000,0.0000,0.0000,0.0000,0.0000,-0.2045,-0.09,1,34,0.0
153,1019538995,TSLA,TSLA210401P00717500,put,717.5,88.65,53,87.50,59,2021-04-01,2021-03-30T15:08:33.759+0000,1617131582318,8,101.29,104.80,101.29,101.29,101.29,-1.0000,0.0000,0.0000,0.0019,-0.0590,-0.0335,-3.51,1,34,0.0
154,1019261833,TSLA,TSLA210401C00720000,call,720,0.31,19,0.28,13,2021-04-01,2021-03-30T19:11:32.680+0000,1617131580767,1894,0.32,0.42,0.31,0.74,0.13,0.0000,0.0000,0.0000,0.0000,0.0000,-0.2381,-0.10,1,35,404.0
155,1019261829,TSLA,TSLA210401P00720000,put,720,91.05,38,90.05,46,2021-04-01,2021-03-30T19:09:36.199+0000,1617131581423,102,89.35,110.04,128.25,128.25,89.35,-1.0000,0.0000,0.0000,0.0019,-0.0592,-0.1880,-20.69,1,35,-14.0
156,1019539000,TSLA,TSLA210401C00722500,call,722.5,0.29,19,0.26,13,2021-04-01,2021-03-30T19:07:35.409+0000,1617131581445,152,0.30,0.37,0.27,0.68,0.17,0.0000,0.0000,0.0000,0.0000,0.0000,-0.1892,-0.07,1,36,41.0
157,1019539004,TSLA,TSLA210401P00722500,put,722.5,93.25,5,92.85,5,2021-04-01,2021-03-30T15:40:00.691+0000,1617131582519,3,90.64,113.18,126.65,126.65,90.60,-1.0000,0.0000,0.0000,0.0019,-0.0594,-0.1992,-22.54,1,36,0.0
158,1019455118,TSLA,TSLA210401C00725000,call,725,0.27,19,0.24,13,2021-04-01,2021-03-30T19:09:02.776+0000,1617131580767,628,0.29,0.36,0.26,0.65,0.11,0.0000,0.0000,0.0000,0.0000,0.0000,-0.1944,-0.07,1,37,301.0
159,1019455120,TSLA,TSLA210401P00725000,put,725,96.05,47,95.20,23,2021-04-01,2021-03-30T19:04:26.672+0000,1617131582861,87,95.46,116.10,129.16,129.16,95.46,-1.0000,0.0000,0.0000,0.0019,-0.0596,-0.1778,-20.64,1,37,-50.0
160,1019539003,TSLA,TSLA210401C00727500,call,727.5,0.25,20,0.23,11,2021-04-01,2021-03-30T19:06:52.804+0000,1617131582963,294,0.26,0.34,0.27,0.61,0.10,0.0000,0.0000,0.0000,0.0000,0.0000,-0.2353,-0.08,1,38,64.0
161,1019539002,TSLA,TSLA210401P00727500,put,727.5,98.20,2,97.80,6,2021-04-01,2021-03-30T17:06:06.420+0000,1617131582290,9,108.60,116.71,128.84,128.84,95.33,-1.0000,0.0000,0.0000,0.0019,-0.0598,-0.0695,-8.11,1,38,-6.0
162,1019261845,TSLA,TSLA210401C00730000,call,730,0.24,20,0.21,17,2021-04-01,2021-03-30T19:12:50.958+0000,1617131581704,1421,0.23,0.33,0.28,0.58,0.10,0.0000,0.0000,0.0000,0.0000,0.0000,-0.3030,-0.10,1,39,951.0
163,1019261844,TSLA,TSLA210401P00730000,put,730,100.95,34,100.00,43,2021-04-01,2021-03-30T18:31:19.577+0000,1617131581440,19,108.32,117.72,129.90,136.55,103.50,-1.0000,0.0000,0.0000,0.0019,-0.0600,-0.0799,-9.40,1,39,0.0
164,1019538998,TSLA,TSLA210401C00732500,call,732.5,0.23,71,0.20,11,2021-04-01,2021-03-30T19:08:31.507+0000,1617131581464,93,0.23,0.35,0.23,0.50,0.16,0.0000,0.0000,0.0000,0.0000,0.0000,-0.3429,-0.12,1,40,57.0
165,1019539005,TSLA,TSLA210401P00732500,put,732.5,103.30,20,102.55,36,2021-04-01,2021-03-30T15:42:15.087+0000,1617131582330,1,102.91,119.96,102.91,102.91,102.91,-1.0000,0.0000,0.0000,0.0019,-0.0602,-0.1421,-17.05,1,40,0.0
166,1019455122,TSLA,TSLA210401C00735000,call,735,0.21,19,0.19,9,2021-04-01,2021-03-30T19:11:15.009+0000,1617131580719,900,0.22,0.31,0.22,0.50,0.07,0.0000,0.0000,0.0000,0.0000,0.0000,-0.2903,-0.09,1,41,132.0
167,1019455123,TSLA,TSLA210401P00735000,put,735,105.65,1,105.30,1,2021-04-01,2021-03-30T18:31:19.577+0000,1617131581944,32,113.32,124.55,140.22,140.22,106.95,-1.0000,0.0000,0.0000,0.0019,-0.0604,-0.0902,-11.23,1,41,-13.0
168,1019538999,TSLA,TSLA210401C00737500,call,737.5,0.20,20,0.17,14,2021-04-01,2021-03-30T18:59:30.454+0000,1617131581704,102,0.19,0.28,0.20,0.39,0.07,0.0000,0.0000,0.0000,0.0000,0.0000,-0.3214,-0.09,1,42,21.0
169,1019539001,TSLA,TSLA210401P00737500,put,737.5,108.15,2,107.75,6,2021-04-01,2021-03-29T19:27:24.000+0000,1617131582159,0,126.95,126.95,,,,-1.0000,0.0000,0.0000,0.0019,-0.0606,0.0000,0.00,1,42,2.0
170,1019261847,TSLA,TSLA210401C00740000,call,740,0.19,19,0.16,14,2021-04-01,2021-03-30T19:09:07.975+0000,1617131580602,1229,0.20,0.25,0.22,0.45,0.08,0.0000,0.0000,0.0000,0.0000,0.0000,-0.2000,-0.05,1,43,124.0
171,1019261850,TSLA,TSLA210401P00740000,put,740,110.65,4,110.25,5,2021-04-01,2021-03-30T19:04:27.101+0000,1617131582023,34,110.31,128.09,139.88,139.88,110.31,-1.0000,0.0000,0.0000,0.0019,-0.0608,-0.1388,-17.78,1,43,-2.0
172,1019539007,TSLA,TSLA210401C00742500,call,742.5,0.19,46,0.18,5,2021-04-01,2021-03-30T19:11:23.348+0000,1617131582189,314,0.19,0.26,0.17,0.42,0.08,0.0000,0.0000,0.0000,0.0000,0.0000,-0.2692,-0.07,1,44,14.0
173,1019539006,TSLA,TSLA210401P00742500,put,742.5,113.40,40,112.40,51,2021-04-01,2021-03-30T18:51:13.442+0000,1617131582165,1,117.59,111.20,117.59,117.59,117.59,-1.0000,0.0000,0.0000,0.0019,-0.0610,0.0575,6.39,1,44,0.0
174,1019261848,TSLA,TSLA210401C00745000,call,745,0.17,18,0.15,10,2021-04-01,2021-03-30T18:58:16.344+0000,1617131580707,533,0.15,0.24,0.20,0.40,0.07,0.0000,0.0000,0.0000,0.0000,0.0000,-0.3750,-0.09,1,45,-11.0
175,1019261849,TSLA,TSLA210401P00745000,put,745,115.85,35,114.95,42,2021-04-01,2021-03-30T18:31:19.065+0000,1617131582241,7,123.34,134.47,121.65,129.45,121.65,-1.0000,0.0000,0.0000,0.0019,-0.0612,-0.0828,-11.13,1,45,-7.0
176,1019539009,TSLA,TSLA210401C00747500,call,747.5,0.16,18,0.14,23,2021-04-01,2021-03-30T19:04:27.309+0000,1617131581669,262,0.15,0.25,0.17,0.40,0.07,0.0000,0.0000,0.0000,0.0000,0.0000,-0.4000,-0.10,1,46,13.0
177,1019539008,TSLA,TSLA210401P00747500,put,747.5,118.45,49,117.70,7,2021-04-01,2021-03-29T14:42:25.000+0000,1617131582053,0,138.35,138.35,,,,-1.0000,0.0000,0.0000,0.0019,-0.0614,0.0000,0.00,1,46,-3.0
178,1019261843,TSLA,TSLA210401C00750000,call,750,0.15,2,0.13,38,2021-04-01,2021-03-30T19:12:16.799+0000,1617131581255,2348,0.14,0.21,0.14,0.41,0.06,0.0000,0.0000,0.0000,0.0000,0.0000,-0.3333,-0.07,1,47,13.0
179,1019261842,TSLA,TSLA210401P00750000,put,750,121.00,3,119.80,3,2021-04-01,2021-03-30T19:09:18.925+0000,1617131580660,48,118.80,139.35,154.19,154.19,118.80,-1.0000,0.0000,0.0000,0.0020,-0.0616,-0.1475,-20.55,1,47,-8.0
180,1019261841,TSLA,TSLA210401C00755000,call,755,0.14,17,0.13,19,2021-04-01,2021-03-30T18:59:30.454+0000,1617131582593,177,0.14,0.19,0.18,0.36,0.09,0.0000,0.0000,0.0000,0.0000,0.0000,-0.2632,-0.05,1,48,49.0
181,1019261853,TSLA,TSLA210401P00755000,put,755,125.85,33,125.00,29,2021-04-01,2021-03-30T19:04:27.307+0000,1617131581440,18,125.22,153.95,162.55,162.55,125.22,-1.0000,0.0000,0.0000,0.0020,-0.0621,-0.1866,-28.73,1,48,0.0
182,1019261840,TSLA,TSLA210401C00760000,call,760,0.13,17,0.12,7,2021-04-01,2021-03-30T19:12:48.085+0000,1617131581464,690,0.14,0.18,0.18,0.31,0.07,0.0000,0.0000,0.0000,0.0000,0.0000,-0.2222,-0.04,1,49,311.0
183,1019261852,TSLA,TSLA210401P00760000,put,760,132.85,60,129.70,60,2021-04-01,2021-03-30T19:11:34.324+0000,1617131582053,17,129.85,148.95,152.69,152.69,129.85,-1.0000,0.0000,0.0000,0.0020,-0.0625,-0.1282,-19.10,1,49,0.0
184,1019261846,TSLA,TSLA210401C00765000,call,765,0.12,19,0.10,13,2021-04-01,2021-03-30T18:52:56.795+0000,1617131582817,223,0.11,0.17,0.16,0.28,0.06,0.0000,0.0000,0.0000,0.0000,0.0000,-0.3529,-0.06,1,50,195.0
185,1019261851,TSLA,TSLA210401P00765000,put,765,135.80,35,132.85,60,2021-04-01,2021-03-30T18:52:55.572+0000,1617131582513,4,139.80,154.45,140.20,144.35,133.15,-1.0000,0.0000,0.0000,0.0020,-0.0629,-0.0949,-14.65,1,50,-9.0
186,1019261855,TSLA,TSLA210401C00770000,call,770,0.12,48,0.09,11,2021-04-01,2021-03-30T19:12:48.085+0000,1617131582040,543,0.10,0.15,0.15,0.27,0.05,0.0000,0.0000,0.0000,0.0000,0.0000,-0.3333,-0.05,1,51,465.0
187,1019261866,TSLA,TSLA210401P00770000,put,770,141.25,60,139.45,60,2021-04-01,2021-03-30T17:20:05.846+0000,1617131582789,15,149.35,162.66,163.62,163.62,139.90,-1.0000,0.0000,0.0000,0.0020,-0.0633,-0.0818,-13.31,1,51,-2.0
188,1019261864,TSLA,TSLA210401C00775000,call,775,0.10,1,0.09,13,2021-04-01,2021-03-30T19:08:32.516+0000,1617131581681,1754,0.09,0.17,0.14,0.25,0.04,0.0000,0.0000,0.0000,0.0000,0.0000,-0.4706,-0.08,1,52,488.0
189,1019261862,TSLA,TSLA210401P00775000,put,775,147.65,60,144.90,39,2021-04-01,2021-03-30T18:52:55.572+0000,1617131582037,34,149.84,160.47,173.00,175.94,144.78,-1.0000,0.0000,0.0000,0.0020,-0.0637,-0.0662,-10.63,1,52,-26.0
190,1019261860,TSLA,TSLA210401C00780000,call,780,0.09,2,0.08,40,2021-04-01,2021-03-30T18:42:06.830+0000,1617131581445,1478,0.09,0.16,0.14,0.25,0.04,0.0000,0.0000,0.0000,0.0000,0.0000,-0.4375,-0.07,1,53,173.0
191,1019261865,TSLA,TSLA210401P00780000,put,780,150.95,58,148.85,60,2021-04-01,2021-03-30T18:53:42.164+0000,1617131582349,46,152.95,168.69,175.10,180.09,152.10,-1.0000,0.0000,0.0000,0.0020,-0.0641,-0.0933,-15.74,1,53,-2.0
192,1019261863,TSLA,TSLA210401C00785000,call,785,0.10,46,0.07,13,2021-04-01,2021-03-30T18:58:45.977+0000,1617131581464,72,0.08,0.14,0.14,0.20,0.06,0.0000,0.0000,0.0000,0.0000,0.0000,-0.4286,-0.06,1,54,-34.0
193,1019261857,TSLA,TSLA210401P00785000,put,785,157.70,60,154.55,60,2021-04-01,2021-03-30T16:04:38.508+0000,1617131582187,2,159.38,184.34,193.51,193.51,159.38,-1.0000,0.0000,0.0000,0.0020,-0.0645,-0.1354,-24.96,1,54,-4.0
194,1019261859,TSLA,TSLA210401C00787500,call,787.5,0.09,17,0.07,20,2021-04-01,2021-03-30T17:44:43.392+0000,1617131580872,58,0.08,0.14,0.12,0.20,0.08,0.0000,0.0000,0.0000,0.0000,0.0000,-0.4286,-0.06,1,55,12.0
195,1019261861,TSLA,TSLA210401P00787500,put,787.5,159.00,60,156.90,60,2021-04-01,2021-03-30T15:28:07.635+0000,1617131582447,13,164.35,183.19,196.00,196.00,164.35,-1.0000,0.0000,0.0000,0.0021,-0.0647,-0.1028,-18.84,1,55,0.0
196,1019261858,TSLA,TSLA210401C00790000,call,790,0.09,23,0.06,15,2021-04-01,2021-03-30T19:11:50.905+0000,1617131581704,630,0.10,0.14,0.12,0.21,0.06,0.0000,0.0000,0.0000,0.0000,0.0000,-0.2857,-0.04,1,56,51.0
197,1019261854,TSLA,TSLA210401P00790000,put,790,162.65,60,159.85,44,2021-04-01,2021-03-30T18:21:46.857+0000,1617131582748,11,171.84,189.47,196.27,196.27,171.84,-1.0000,0.0000,0.0000,0.0021,-0.0649,-0.0930,-17.63,1,56,-4.0
198,1019261867,TSLA,TSLA210401C00792500,call,792.5,0.09,39,0.06,18,2021-04-01,2021-03-30T16:35:00.898+0000,1617131580583,24,0.08,0.15,0.10,0.19,0.06,0.0000,0.0000,0.0000,0.0000,0.0000,-0.4667,-0.07,1,57,14.0
199,1019261856,TSLA,TSLA210401P00792500,put,792.5,165.75,60,160.55,60,2021-04-01,2021-03-30T16:06:00.561+0000,1617131581434,1,165.71,181.40,165.71,165.71,165.71,-1.0000,0.0000,0.0000,0.0021,-0.0651,-0.0865,-15.69,1,57,0.0
200,1019261871,TSLA,TSLA210401C00795000,call,795,0.08,18,0.05,50,2021-04-01,2021-03-30T19:09:45.874+0000,1617131581704,180,0.09,0.12,0.07,0.20,0.04,0.0000,0.0000,0.0000,0.0000,0.0000,-0.2500,-0.03,1,56,4.0
201,1019261872,TSLA,TSLA210401P00795000,put,795,166.10,60,162.70,60,2021-04-01,2021-03-30T15:32:41.315+0000,1617131582079,5,168.15,187.80,168.15,168.15,168.15,-1.0000,0.0000,0.0000,0.0021,-0.0653,-0.1046,-19.65,1,56,1.0
202,1019261876,TSLA,TSLA210401C00797500,call,797.5,0.07,3,0.05,19,2021-04-01,2021-03-30T18:48:20.805+0000,1617131581464,127,0.08,0.13,0.05,0.17,0.05,0.0000,0.0000,0.0000,0.0000,0.0000,-0.3846,-0.05,1,57,129.0
203,1019261880,TSLA,TSLA210401P00797500,put,797.5,168.80,60,164.80,60,2021-04-01,2021-03-25T19:06:25.000+0000,1617131582453,0,157.70,157.70,,,,-1.0000,0.0000,0.0000,0.0021,-0.0655,0.0000,0.00,1,57,0.0
204,1019261881,TSLA,TSLA210401C00800000,call,800,0.07,17,0.05,14,2021-04-01,2021-03-30T19:12:24.552+0000,1617131581464,4803,0.08,0.11,0.08,0.18,0.03,0.0000,0.0000,0.0000,0.0000,0.0000,-0.2727,-0.03,1,58,787.0
205,1019261874,TSLA,TSLA210401P00800000,put,800,170.85,46,168.40,60,2021-04-01,2021-03-30T19:06:23.484+0000,1617131582822,91,170.00,190.75,205.25,205.94,170.00,-1.0000,0.0000,0.0000,0.0021,-0.0658,-0.1088,-20.75,1,58,-30.0
206,1019261873,TSLA,TSLA210401C00802500,call,802.5,0.07,18,0.04,19,2021-04-01,2021-03-30T19:09:29.702+0000,1617131581652,240,0.07,0.12,0.07,0.15,0.04,0.0000,0.0000,0.0000,0.0000,0.0000,-0.4167,-0.05,1,59,2.0
207,1019261869,TSLA,TSLA210401P00802500,put,802.5,175.50,60,171.65,60,2021-04-01,2021-03-30T15:46:52.608+0000,1617131581644,20,174.40,192.50,184.95,184.95,174.40,-1.0000,0.0000,0.0000,0.0021,-0.0660,-0.0940,-18.10,1,59,0.0
208,1019261870,TSLA,TSLA210401C00805000,call,805,0.07,49,0.04,25,2021-04-01,2021-03-30T18:00:37.547+0000,1617131581464,53,0.05,0.10,0.08,0.15,0.05,0.0000,0.0000,0.0000,0.0000,0.0000,-0.5000,-0.05,1,60,-4.0
209,1019261877,TSLA,TSLA210401P00805000,put,805,177.45,60,173.55,60,2021-04-01,2021-03-30T18:58:22.174+0000,1617131582380,4,176.74,198.16,206.45,206.45,176.74,-1.0000,0.0000,0.0000,0.0021,-0.0662,-0.1081,-21.42,1,60,0.0
210,1019261868,TSLA,TSLA210401C00807500,call,807.5,0.06,17,0.04,25,2021-04-01,2021-03-30T16:35:00.990+0000,1617131581464,21,0.06,0.10,0.06,0.14,0.06,0.0000,0.0000,0.0000,0.0000,0.0000,-0.4000,-0.04,1,61,10.0
211,1019261878,TSLA,TSLA210401P00807500,put,807.5,179.45,60,174.85,60,2021-04-01,2021-03-26T15:30:33.000+0000,1617131580755,0,183.35,183.35,,,,-1.0000,0.0000,0.0000,0.0021,-0.0664,0.0000,0.00,1,61,0.0
212,1019261875,TSLA,TSLA210401C00810000,call,810,0.06,17,0.04,25,2021-04-01,2021-03-30T19:08:55.453+0000,1617131581464,399,0.06,0.11,0.07,0.13,0.02,0.0000,0.0000,0.0000,0.0000,0.0000,-0.4545,-0.05,1,50,-171.0
213,1019261879,TSLA,TSLA210401P00810000,put,810,181.30,60,179.00,60,2021-04-01,2021-03-30T18:51:28.294+0000,1617131582079,30,186.32,202.40,192.40,192.40,185.00,-1.0000,0.0000,0.0000,0.0021,-0.0666,-0.0794,-16.08,1,50,-8.0
214,1019261895,TSLA,TSLA210401C00812500,call,812.5,0.06,33,0.03,25,2021-04-01,2021-03-30T18:55:56.753+0000,1617131581464,19,0.06,0.10,0.06,0.16,0.06,0.0000,0.0000,0.0000,0.0000,0.0000,-0.4000,-0.04,1,50,7.0
215,1019261894,TSLA,TSLA210401P00812500,put,812.5,184.60,60,179.80,60,2021-04-01,2021-03-26T13:58:32.000+0000,1617131582447,0,177.50,177.50,,,,-1.0000,0.0000,0.0000,0.0021,-0.0668,0.0000,0.00,1,50,0.0
216,1019261887,TSLA,TSLA210401C00815000,call,815,0.06,44,0.03,25,2021-04-01,2021-03-30T16:17:40.686+0000,1617131581470,18,0.04,0.10,0.07,0.08,0.04,0.0000,0.0000,0.0000,0.0000,0.0000,-0.6000,-0.06,1,50,9.0
217,1019261893,TSLA,TSLA210401P00815000,put,815,185.65,21,182.60,60,2021-04-01,2021-03-30T16:11:25.911+0000,1617131582453,1,188.98,205.85,188.98,188.98,188.98,-1.0000,0.0000,0.0000,0.0021,-0.0670,-0.0820,-16.87,1,50,25.0
218,1019261884,TSLA,TSLA210401C00817500,call,817.5,0.05,17,0.03,25,2021-04-01,2021-03-30T18:25:35.811+0000,1617131581464,69,0.04,0.09,0.06,0.11,0.04,0.0000,0.0000,0.0000,0.0000,0.0000,-0.5556,-0.05,1,50,-4.0
219,1019261891,TSLA,TSLA210401P00817500,put,817.5,188.25,35,184.80,60,2021-04-01,2021-03-29T14:38:50.000+0000,1617131582042,0,210.90,210.90,,,,-1.0000,0.0000,0.0000,0.0021,-0.0672,0.0000,0.00,1,50,0.0
220,1019261890,TSLA,TSLA210401C00820000,call,820,0.05,17,0.03,25,2021-04-01,2021-03-30T18:53:19.969+0000,1617131581464,142,0.05,0.10,0.05,0.12,0.02,0.0000,0.0000,0.0000,0.0000,0.0000,-0.5000,-0.05,1,50,-83.0
221,1019261885,TSLA,TSLA210401P00820000,put,820,191.10,60,188.55,60,2021-04-01,2021-03-30T19:11:06.528+0000,1617131582737,10,189.33,213.80,221.55,221.55,189.33,-1.0000,0.0000,0.0000,0.0021,-0.0674,-0.1145,-24.47,1,50,-12.0
222,1019261889,TSLA,TSLA210401C00822500,call,822.5,0.05,17,0.04,21,2021-04-01,2021-03-30T19:09:11.188+0000,1617131581464,65,0.05,0.10,0.05,0.07,0.03,0.0000,0.0000,0.0000,0.0000,0.0000,-0.5000,-0.05,1,50,33.0
223,1019261888,TSLA,TSLA210401P00822500,put,822.5,195.75,60,189.80,60,2021-04-01,2021-03-25T18:14:15.000+0000,1617131581465,0,195.15,195.15,,,,-1.0000,0.0000,0.0000,0.0021,-0.0676,0.0000,0.00,1,50,0.0
224,1019261883,TSLA,TSLA210401C00825000,call,825,0.05,50,0.04,1,2021-04-01,2021-03-30T18:11:29.278+0000,1617131581445,157,0.03,0.10,0.06,0.10,0.02,0.0000,0.0000,0.0000,0.0000,0.0000,-0.7000,-0.07,1,50,122.0
225,1019261892,TSLA,TSLA210401P00825000,put,825,196.05,60,192.30,60,2021-04-01,2021-03-30T16:51:46.884+0000,1617131582415,18,203.83,218.92,230.95,230.95,196.73,-1.0000,0.0000,0.0000,0.0021,-0.0678,-0.0689,-15.09,1,50,-1.0
226,1019261882,TSLA,TSLA210401C00827500,call,827.5,0.05,33,0.02,44,2021-04-01,2021-03-30T18:08:44.650+0000,1617131581445,16,0.03,0.10,0.06,0.10,0.03,0.0000,0.0000,0.0000,0.0000,0.0000,-0.7000,-0.07,1,50,5.0
227,1019261886,TSLA,TSLA210401P00827500,put,827.5,198.35,49,194.80,60,2021-04-01,2021-03-26T15:56:31.000+0000,1617131582822,0,206.90,206.90,,,,-1.0000,0.0000,0.0000,0.0022,-0.0680,0.0000,0.00,1,50,0.0
228,1019261909,TSLA,TSLA210401C00830000,call,830,0.05,51,0.04,24,2021-04-01,2021-03-30T19:12:58.100+0000,1617131581601,84,0.05,0.08,0.03,0.10,0.03,0.0000,0.0000,0.0000,0.0000,0.0000,-0.3750,-0.03,1,50,-39.0
229,1019261902,TSLA,TSLA210401P00830000,put,830,201.55,60,197.30,60,2021-04-01,2021-03-30T14:43:45.202+0000,1617131582165,2,216.59,216.95,220.66,220.66,216.59,-1.0000,0.0000,0.0000,0.0022,-0.0682,-0.0017,-0.36,1,50,-10.0
230,1019261907,TSLA,TSLA210401C00832500,call,832.5,0.05,53,0.04,21,2021-04-01,2021-03-30T19:09:26.995+0000,1617131581549,24,0.04,0.08,0.04,0.10,0.02,0.0000,0.0000,0.0000,0.0000,0.0000,-0.5000,-0.04,1,50,99.0
231,1019261899,TSLA,TSLA210401P00832500,put,832.5,205.70,60,199.80,60,2021-04-01,2021-03-29T14:49:00.000+0000,1617131581434,0,223.56,223.56,,,,-1.0000,0.0000,0.0000,0.0022,-0.0684,0.0000,0.00,1,50,0.0
232,1019261908,TSLA,TSLA210401C00835000,call,835,0.05,59,0.04,12,2021-04-01,2021-03-30T18:47:38.328+0000,1617131581464,43,0.04,0.08,0.04,0.10,0.04,0.0000,0.0000,0.0000,0.0000,0.0000,-0.5000,-0.04,1,50,28.0
233,1019261897,TSLA,TSLA210401P00835000,put,835,208.25,60,202.30,60,2021-04-01,2021-03-26T19:08:39.000+0000,1617131581072,0,227.40,227.40,,,,-1.0000,0.0000,0.0000,0.0022,-0.0686,0.0000,0.00,1,50,0.0
234,1019261905,TSLA,TSLA210401C00840000,call,840,0.04,17,0.02,25,2021-04-01,2021-03-30T18:57:35.244+0000,1617131581464,154,0.03,0.08,0.05,0.10,0.03,0.0000,0.0000,0.0000,0.0000,0.0000,-0.6250,-0.05,1,50,53.0
235,1019261898,TSLA,TSLA210401P00840000,put,840,211.45,60,207.30,60,2021-04-01,2021-03-30T19:11:00.714+0000,1617131580695,1,209.71,235.50,209.71,209.71,209.71,-1.0000,0.0000,0.0000,0.0022,-0.0690,-0.1095,-25.79,1,50,-1.0
236,1019261900,TSLA,TSLA210401C00845000,call,845,0.04,33,0.01,44,2021-04-01,2021-03-30T17:28:38.433+0000,1617131581464,1060,0.04,0.10,0.06,0.10,0.03,0.0000,0.0000,0.0000,0.0000,0.0000,-0.6000,-0.06,1,50,-16.0
237,1019261896,TSLA,TSLA210401P00845000,put,845,216.55,60,212.30,60,2021-04-01,2021-03-30T14:57:37.282+0000,1617131581505,10,232.00,240.56,232.00,232.00,232.00,-1.0000,0.0000,0.0000,0.0022,-0.0695,-0.0356,-8.56,1,50,-1.0
238,1019261906,TSLA,TSLA210401C00850000,call,850,0.04,72,0.03,20,2021-04-01,2021-03-30T19:04:08.282+0000,1617131578420,392,0.03,0.07,0.05,0.08,0.02,0.0000,0.0000,0.0000,0.0000,0.0000,-0.5714,-0.04,1,50,-978.0
239,1019261901,TSLA,TSLA210401P00850000,put,850,221.10,60,217.50,60,2021-04-01,2021-03-30T16:09:35.874+0000,1617131582109,51,222.95,240.28,256.70,256.70,222.95,-1.0000,0.0000,0.0000,0.0022,-0.0699,-0.0721,-17.33,1,50,-2.0
240,1019261904,TSLA,TSLA210401C00855000,call,855,0.04,63,0.03,26,2021-04-01,2021-03-30T19:10:03.595+0000,1617131581451,71,0.04,0.07,0.04,0.07,0.02,0.0000,0.0000,0.0000,0.0000,0.0000,-0.4286,-0.03,1,50,19.0
241,1019261903,TSLA,TSLA210401P00855000,put,855,226.05,60,222.30,60,2021-04-01,2021-03-30T13:34:48.978+0000,1617131582822,1,261.70,211.85,261.70,261.70,261.70,-1.0000,0.0000,0.0000,0.0022,-0.0703,0.2353,49.85,1,50,0.0
242,1019261913,TSLA,TSLA210401C00860000,call,860,0.03,17,0.02,25,2021-04-01,2021-03-30T17:04:55.671+0000,1617131581464,35,0.03,0.06,0.05,0.05,0.02,0.0000,0.0000,0.0000,0.0000,0.0000,-0.5000,-0.03,1,50,14.0
243,1019261916,TSLA,TSLA210401P00860000,put,860,230.65,23,229.30,60,2021-04-01,2021-03-30T15:25:31.429+0000,1617131582453,37,239.89,248.40,263.14,263.25,239.89,-1.0000,0.0000,0.0000,0.0022,-0.0707,-0.0343,-8.51,1,50,1.0
244,1019261917,TSLA,TSLA210401C00865000,call,865,0.03,17,0.02,25,2021-04-01,2021-03-30T17:56:18.936+0000,1617131581464,26,0.01,0.08,0.04,0.07,0.01,0.0000,0.0000,0.0000,0.0000,0.0000,-0.8750,-0.07,1,50,3.0
245,1019261914,TSLA,TSLA210401P00865000,put,865,236.25,60,232.30,60,2021-04-01,2021-03-30T13:40:55.105+0000,1617131581072,3,268.25,226.72,268.25,268.25,268.25,-1.0000,0.0000,0.0000,0.0023,-0.0711,0.1832,41.53,1,50,-10.0
246,1019261920,TSLA,TSLA210401C00870000,call,870,0.03,18,0.01,25,2021-04-01,2021-03-30T15:41:10.467+0000,1617131581704,6,0.06,0.06,0.04,0.06,0.04,0.0000,0.0000,0.0000,0.0000,0.0000,0.0000,0.00,1,50,3.0
247,1019261910,TSLA,TSLA210401P00870000,put,870,243.25,60,237.30,60,2021-04-01,2021-03-30T15:08:12.962+0000,1617131581440,13,255.60,238.20,254.20,257.96,254.20,-1.0000,0.0000,0.0000,0.0023,-0.0715,0.0730,17.40,1,50,-32.0
248,1019261915,TSLA,TSLA210401C00875000,call,875,0.03,18,0.02,18,2021-04-01,2021-03-30T18:05:50.798+0000,1617131582465,124,0.02,0.06,0.05,0.05,0.02,0.0000,0.0000,0.0000,0.0000,0.0000,-0.6667,-0.04,1,50,3.0
249,1019261922,TSLA,TSLA210401P00875000,put,875,247.45,60,242.30,60,2021-04-01,2021-03-19T14:11:21.000+0000,1617131581434,0,249.49,249.49,,,,-1.0000,0.0000,0.0000,0.0023,-0.0719,0.0000,0.00,1,50,-11.0
250,1019261921,TSLA,TSLA210401C00880000,call,880,0.03,16,0.02,16,2021-04-01,2021-03-30T17:01:02.188+0000,1617131581336,369,0.03,0.05,0.02,0.06,0.02,0.0000,0.0000,0.0000,0.0000,0.0000,-0.4000,-0.02,1,50,155.0
251,1019261918,TSLA,TSLA210401P00880000,put,880,253.05,60,247.30,60,2021-04-01,2021-03-25T18:36:51.000+0000,1617131582453,0,246.10,246.10,,,,-1.0000,0.0000,0.0000,0.0023,-0.0723,0.0000,0.00,1,50,-67.0
252,1019261911,TSLA,TSLA210401C00890000,call,890,0.03,48,0.02,14,2021-04-01,2021-03-30T19:02:22.301+0000,1617131580320,83,0.03,0.04,0.04,0.06,0.02,0.0000,0.0000,0.0000,0.0000,0.0000,-0.2500,-0.01,1,50,29.0
253,1019261923,TSLA,TSLA210401P00890000,put,890,260.75,37,258.50,60,2021-04-01,2021-03-30T16:03:20.574+0000,1617131582369,65,266.20,283.63,284.50,284.50,266.20,-1.0000,0.0000,0.0000,0.0023,-0.0732,-0.0615,-17.43,1,50,-17.0
254,1019261912,TSLA,TSLA210401C00900000,call,900,0.03,58,0.02,54,2021-04-01,2021-03-30T18:51:49.271+0000,1617131581464,496,0.02,0.04,0.05,0.05,0.01,0.0000,0.0000,0.0000,0.0000,0.0000,-0.5000,-0.02,1,50,262.0
255,1019261919,TSLA,TSLA210401P00900000,put,900,273.25,60,267.30,60,2021-04-01,2021-03-30T14:13:04.795+0000,1617131581505,7,299.15,291.09,299.19,299.19,299.15,-1.0000,0.0000,0.0000,0.0023,-0.0740,0.0277,8.06,1,50,-36.0
256,1019261937,TSLA,TSLA210401C00910000,call,910,0.03,51,0.01,101,2021-04-01,2021-03-30T18:03:15.645+0000,1617131581626,126,0.02,0.04,0.02,0.05,0.02,0.0000,0.0000,0.0000,0.0000,0.0000,-0.5000,-0.02,1,50,129.0
257,1019261924,TSLA,TSLA210401P00910000,put,910,283.25,60,277.30,60,2021-04-01,2021-03-22T19:26:53.000+0000,1617131581471,0,225.40,225.40,,,,-1.0000,0.0000,0.0000,0.0024,-0.0748,0.0000,0.00,1,50,-28.0
258,1019261933,TSLA,TSLA210401C00920000,call,920,0.03,49,0.01,181,2021-04-01,2021-03-30T16:12:08.881+0000,1617131581669,59,0.03,0.04,0.02,0.03,0.02,0.0000,0.0000,0.0000,0.0000,0.0000,-0.2500,-0.01,1,50,36.0
259,1019261926,TSLA,TSLA210401P00920000,put,920,292.95,60,287.30,60,2021-04-01,2021-03-19T14:51:44.000+0000,1617131581440,0,274.10,274.10,,,,-1.0000,0.0000,0.0000,0.0024,-0.0756,0.0000,0.00,1,50,-19.0
260,1019261927,TSLA,TSLA210401C00930000,call,930,0.03,42,0.01,16,2021-04-01,2021-03-30T18:49:25.354+0000,1617131581464,113,0.02,0.03,0.02,0.03,0.01,0.0000,0.0000,0.0000,0.0000,0.0000,-0.3333,-0.01,1,50,53.0
261,1019261930,TSLA,TSLA210401P00930000,put,930,302.75,60,297.30,60,2021-04-01,2021-03-22T15:07:00.000+0000,1617131582447,0,243.50,243.50,,,,-1.0000,0.0000,0.0000,0.0024,-0.0764,0.0000,0.00,1,50,-23.0
262,1019261929,TSLA,TSLA210401C00940000,call,940,0.03,43,0.02,39,2021-04-01,2021-03-30T19:10:21.653+0000,1617131581464,37,0.02,0.04,0.01,0.03,0.01,0.0000,0.0000,0.0000,0.0000,0.0000,-0.5000,-0.02,1,50,35.0
263,1019261934,TSLA,TSLA210401P00940000,put,940,313.25,60,307.30,60,2021-04-01,2021-03-12T19:33:47.000+0000,1617131581471,0,256.70,256.70,,,,-1.0000,0.0000,0.0000,0.0024,-0.0773,0.0000,0.00,1,50,-1.0
264,1019261936,TSLA,TSLA210401C00950000,call,950,0.02,841,0.01,97,2021-04-01,2021-03-30T18:50:38.795+0000,1617131581464,160,0.02,0.02,0.03,0.05,0.01,0.0000,0.0000,0.0000,0.0000,0.0000,0.0000,0.00,1,50,54.0
265,1019261931,TSLA,TSLA210401P00950000,put,950,323.25,60,317.30,60,2021-04-01,2021-03-18T18:21:30.000+0000,1617131581505,0,283.10,283.10,,,,-1.0000,0.0000,0.0000,0.0025,-0.0781,0.0000,0.00,1,50,-12.0
266,1019261925,TSLA,TSLA210401C00960000,call,960,0.02,17,0.01,25,2021-04-01,2021-03-30T16:22:59.836+0000,1617131582593,4,0.02,0.02,0.01,0.02,0.01,0.0000,0.0000,0.0000,0.0000,0.0000,0.0000,0.00,1,50,68.0
267,1019261935,TSLA,TSLA210401P00960000,put,960,333.25,60,327.30,60,2021-04-01,2021-03-25T18:37:02.000+0000,1617131581256,0,326.95,326.95,,,,-1.0000,0.0000,0.0000,0.0025,-0.0789,0.0000,0.00,1,50,-3.0
268,1019261932,TSLA,TSLA210401C00970000,call,970,0.02,18,0.01,20,2021-04-01,2021-03-30T16:57:42.221+0000,1617131581681,28,0.03,0.02,0.01,0.03,0.01,0.0000,0.0000,0.0000,0.0000,0.0000,0.5000,0.01,1,50,-6.0
269,1019261928,TSLA,TSLA210401P00970000,put,970,342.40,60,337.30,60,2021-04-01,2021-03-22T14:23:08.000+0000,1617131581193,0,290.70,290.70,,,,-1.0000,0.0000,0.0000,0.0025,-0.0797,0.0000,0.00,1,50,-10.0
270,1019261941,TSLA,TSLA210401C00980000,call,980,0.02,18,0.01,10,2021-04-01,2021-03-30T18:43:56.740+0000,1617131581704,129,0.02,0.03,0.01,0.03,0.01,0.0000,0.0000,0.0000,0.0000,0.0000,-0.3333,-0.01,1,50,44.0
271,1019261939,TSLA,TSLA210401P00980000,put,980,353.20,60,347.30,60,2021-04-01,2021-03-26T13:40:04.000+0000,1617131581440,0,337.75,337.75,,,,-1.0000,0.0000,0.0000,0.0026,-0.0805,0.0000,0.00,1,50,-6.0
272,1019261940,TSLA,TSLA210401C00990000,call,990,0.02,18,0.01,14,2021-04-01,2021-03-30T17:12:13.417+0000,1617131581704,17,0.01,0.02,0.02,0.02,0.01,0.0000,0.0000,0.0000,0.0000,0.0000,-0.5000,-0.01,1,50,73.0
273,1019261942,TSLA,TSLA210401P00990000,put,990,363.00,60,357.30,60,2021-04-01,2021-03-22T13:32:16.000+0000,1617131582042,0,299.50,299.50,,,,-1.0000,0.0000,0.0000,0.0026,-0.0814,0.0000,0.00,1,50,-7.0
274,1019261938,TSLA,TSLA210401C01000000,call,1000,0.02,13,0.01,57,2021-04-01,2021-03-30T18:25:29.140+0000,1617131581801,300,0.02,0.02,0.01,0.04,0.01,0.0000,0.0000,0.0000,0.0000,0.0000,0.0000,0.00,1,50,102.0
275,1019261943,TSLA,TSLA210401P01000000,put,1000,372.75,60,367.30,60,2021-04-01,2021-03-26T19:30:27.000+0000,1617131582447,0,386.66,386.66,,,,-1.0000,0.0000,0.0000,0.0026,-0.0822,0.0000,0.00,1,50,-3.0
276,1019600099,TSLA,TSLA210401C01025000,call,1025,0.02,20,0.01,20,2021-04-01,2021-03-30T18:10:15.934+0000,1617131582316,24,0.02,0.02,0.02,0.02,0.01,0.0000,0.0000,0.0000,0.0000,0.0000,0.0000,0.00,1,50,-71.0
277,1019600098,TSLA,TSLA210401P01025000,put,1025,398.05,60,392.30,60,2021-04-01,2021-03-15T14:49:37.000+0000,1617131582453,0,320.10,320.10,,,,-1.0000,0.0000,0.0000,0.0027,-0.0842,0.0000,0.00,1,50,0.0
278,1019600108,TSLA,TSLA210401C01050000,call,1050,0.02,18,0.01,13,2021-04-01,2021-03-30T14:36:09.437+0000,1617131581681,1,0.01,0.02,0.01,0.01,0.01,0.0000,0.0000,0.0000,0.0000,0.0000,-0.5000,-0.01,1,50,-40.0
279,1019600109,TSLA,TSLA210401P01050000,put,1050,423.25,60,417.30,60,2021-04-01,,1617131581471,0,,,,,,-1.0000,0.0000,0.0000,0.0027,-0.0863,,,1,50,
280,1019600100,TSLA,TSLA210401C01075000,call,1075,0.02,18,0.01,11,2021-04-01,2021-03-30T14:47:58.390+0000,1617131581704,3,0.02,0.02,0.04,0.04,0.02,0.0000,0.0000,0.0000,0.0000,0.0000,0.0000,0.00,1,50,9.0
281,1019600112,TSLA,TSLA210401P01075000,put,1075,448.25,60,442.30,60,2021-04-01,2021-03-25T15:34:36.000+0000,1617131581471,0,448.00,448.00,,,,-1.0000,0.0000,0.0000,0.0028,-0.0884,0.0000,0.00,1,50,0.0
282,1019600111,TSLA,TSLA210401C01100000,call,1100,0.02,111,0.01,1,2021-04-01,2021-03-30T18:11:52.851+0000,1617131579680,27,0.01,0.01,0.01,0.01,0.01,0.0000,0.0000,0.0000,0.0000,0.0000,0.0000,0.00,1,50,-105.0
283,1019600104,TSLA,TSLA210401P01100000,put,1100,473.00,60,467.30,60,2021-04-01,,1617131582037,0,,,,,,-1.0000,0.0000,0.0000,0.0029,-0.0904,,,1,50,0.0
284,1019600106,TSLA,TSLA210401C01125000,call,1125,0.02,18,0.00,0,2021-04-01,2021-03-29T17:43:36.000+0000,1617131580625,0,0.02,0.02,,,,0.0000,0.0000,0.0000,0.0000,0.0000,0.0000,0.00,1,50,1.0
285,1019600101,TSLA,TSLA210401P01125000,put,1125,498.20,60,492.30,60,2021-04-01,2021-03-25T13:39:07.000+0000,1617131581440,0,497.20,497.20,,,,-1.0000,0.0000,0.0000,0.0029,-0.0925,0.0000,0.00,1,50,0.0
286,1019600103,TSLA,TSLA210401C01150000,call,1150,0.02,18,0.00,0,2021-04-01,2021-03-30T17:07:25.645+0000,1617131580620,7,0.02,0.01,0.01,0.02,0.01,0.0000,0.0000,0.0000,0.0000,0.0000,1.0000,0.01,1,50,-11.0
287,1019600105,TSLA,TSLA210401P01150000,put,1150,523.30,1,517.25,1,2021-04-01,,1617131581418,0,,,,,,-1.0000,0.0000,0.0000,0.0030,-0.0945,,,1,50,
288,1019600113,TSLA,TSLA210401C01175000,call,1175,0.02,18,0.00,0,2021-04-01,2021-03-29T14:17:48.000+0000,1617131581704,0,0.01,0.01,,,,0.0000,0.0000,0.0000,0.0000,0.0000,0.0000,0.00,1,50,3.0
289,1019600110,TSLA,TSLA210401P01175000,put,1175,548.30,1,542.25,1,2021-04-01,,1617131581418,0,,,,,,-1.0000,0.0000,0.0000,0.0031,-0.0966,,,1,50,
290,1019600107,TSLA,TSLA210401C01200000,call,1200,0.02,18,0.00,0,2021-04-01,2021-03-30T15:51:01.828+0000,1617131581704,3,0.01,0.03,0.01,0.01,0.01,0.0000,0.0000,0.0000,0.0000,0.0000,-0.6667,-0.02,1,50,16.0
291,1019600102,TSLA,TSLA210401P01200000,put,1200,573.30,1,567.25,1,2021-04-01,2021-03-12T19:55:35.000+0000,1617131581418,0,511.35,511.35,,,,-1.0000,0.0000,0.0000,0.0031,-0.0986,0.0000,0.00,1,50,0.0
292,1019600115,TSLA,TSLA210401C01225000,call,1225,0.01,1,0.00,0,2021-04-01,2021-03-30T17:52:19.916+0000,1617131256955,2,0.01,0.02,0.01,0.01,0.01,0.0000,0.0000,0.0000,0.0000,0.0000,-0.5000,-0.01,1,50,109.0
293,1019600118,TSLA,TSLA210401P01225000,put,1225,598.30,1,592.25,1,2021-04-01,,1617131581418,0,,,,,,-1.0000,0.0000,0.0000,0.0032,-0.1007,,,1,50,
294,1019600119,TSLA,TSLA210401C01250000,call,1250,0.02,18,0.00,0,2021-04-01,2021-03-29T15:42:46.000+0000,1617131581704,0,0.01,0.01,,,,0.0000,0.0000,0.0000,0.0000,0.0000,0.0000,0.00,1,50,-2.0
295,1019600125,TSLA,TSLA210401P01250000,put,1250,623.30,1,617.25,1,2021-04-01,,1617131581418,0,,,,,,-1.0000,0.0000,0.0000,0.0033,-0.1027,,,1,50,
296,1019600126,TSLA,TSLA210401C01275000,call,1275,0.01,1,0.00,0,2021-04-01,2021-03-30T14:49:26.577+0000,1617122931000,11,0.01,0.02,0.02,0.02,0.01,0.0000,0.0000,0.0000,0.0000,0.0000,-0.5000,-0.01,1,50,11.0
297,1019600120,TSLA,TSLA210401P01275000,put,1275,648.30,1,642.25,1,2021-04-01,,1617131581418,0,,,,,,-1.0000,0.0000,0.0000,0.0033,-0.1048,,,1,50,
298,1019600122,TSLA,TSLA210401C01300000,call,1300,0.01,12,0.00,0,2021-04-01,2021-03-30T18:56:32.751+0000,1617130606000,59,0.01,0.01,0.02,0.02,0.01,0.0000,0.0000,0.0000,0.0000,0.0000,0.0000,0.00,1,50,12.0
299,1019600124,TSLA,TSLA210401P01300000,put,1300,673.30,1,667.25,1,2021-04-01,,1617131581418,0,,,,,,-1.0000,0.0000,0.0000,0.0034,-0.1068,,,1,50,
300,1019600121,TSLA,TSLA210401C01325000,call,1325,0.02,18,0.00,0,2021-04-01,2021-03-29T18:26:35.000+0000,1617131581704,0,0.02,0.02,,,,0.0000,0.0000,0.0000,0.0000,0.0000,0.0000,0.00,1,50,61.0
301,1019600116,TSLA,TSLA210401P01325000,put,1325,698.30,1,692.25,1,2021-04-01,,1617131581418,0,,,,,,-1.0000,0.0000,0.0000,0.0035,-0.1089,,,1,50,
302,1019600127,TSLA,TSLA210401C01350000,call,1350,0.01,93,0.00,0,2021-04-01,2021-03-30T15:41:22.357+0000,1617118883000,10,0.01,0.03,0.01,0.01,0.01,0.0000,0.0000,0.0000,0.0000,0.0000,-0.6667,-0.02,1,50,1.0
303,1019600123,TSLA,TSLA210401P01350000,put,1350,723.30,1,717.25,1,2021-04-01,,1617131581418,0,,,,,,-1.0000,0.0000,0.0000,0.0035,-0.1110,,,1,50,
304,1019600117,TSLA,TSLA210401C01375000,call,1375,0.01,1,0.00,0,2021-04-01,2021-03-29T14:41:40.000+0000,1617126255000,0,0.01,0.01,,,,0.0000,0.0000,0.0000,0.0000,0.0000,0.0000,0.00,1,50,0.0
305,1019600114,TSLA,TSLA210401P01375000,put,1375,748.30,1,742.25,1,2021-04-01,2021-03-09T15:48:23.000+0000,1617131581418,0,748.15,748.15,,,,-1.0000,0.0000,0.0000,0.0036,-0.1130,0.0000,0.00,1,50,0.0
306,1019600128,TSLA,TSLA210401C01400000,call,1400,0.01,194,0.00,0,2021-04-01,2021-03-29T19:26:22.000+0000,1617119025000,0,0.01,0.01,,,,0.0000,0.0000,0.0000,0.0000,0.0000,0.0000,0.00,1,50,16.0
307,1019600136,TSLA,TSLA210401P01400000,put,1400,773.30,1,767.25,1,2021-04-01,,1617131581418,0,,,,,,-1.0000,0.0000,0.0000,0.0036,-0.1151,,,1,50,
308,1019600134,TSLA,TSLA210401C01425000,call,1425,0.01,267,0.00,0,2021-04-01,2021-03-30T18:18:05.369+0000,1617127457000,17,0.01,0.01,0.01,0.01,0.01,0.0000,0.0000,0.0000,0.0000,0.0000,0.0000,0.00,1,50,220.0
309,1019600129,TSLA,TSLA210401P01425000,put,1425,798.30,1,792.25,1,2021-04-01,2021-03-30T14:08:28.515+0000,1617131581418,2,826.09,731.40,826.09,826.09,826.09,-1.0000,0.0000,0.0000,0.0037,-0.1171,0.1295,94.69,1,50,-1.0
