,open,high,low,close,adjclose,volume,ticker
2018-02-07,5.974999904632568,6.099999904632568,5.760000228881836,5.849999904632568,5.849999904632568,154400,GRWG
2018-02-08,5.824999809265137,5.920000076293945,5.309999942779541,5.650000095367432,5.650000095367432,118400,GRWG
2018-02-09,5.570000171661377,5.909999847412109,5.059999942779541,5.699999809265137,5.699999809265137,178100,GRWG
2018-02-12,5.849999904632568,5.889999866485596,5.449999809265137,5.5,5.5,82800,GRWG
2018-02-13,5.599999904632568,5.699999809265137,5.210000038146973,5.53000020980835,5.53000020980835,91900,GRWG
2018-02-14,5.78000020980835,5.78000020980835,5.449999809265137,5.570000171661377,5.570000171661377,95600,GRWG
2018-02-15,5.5960001945495605,5.739999771118164,5.159999847412109,5.360000133514404,5.360000133514404,117400,GRWG
2018-02-16,5.360000133514404,5.360000133514404,5.079999923706055,5.110000133514404,5.110000133514404,125800,GRWG
2018-02-20,5.179999828338623,5.409999847412109,5.03000020980835,5.099999904632568,5.099999904632568,99300,GRWG
2018-02-21,5.110000133514404,5.380000114440918,5.019999980926514,5.099999904632568,5.099999904632568,45700,GRWG
2018-02-22,5.150000095367432,5.179999828338623,4.809999942779541,4.980000019073486,4.980000019073486,91300,GRWG
2018-02-23,4.900000095367432,4.900000095367432,4.400000095367432,4.510000228881836,4.510000228881836,293300,GRWG
2018-02-26,4.505000114440918,4.510000228881836,4.010000228881836,4.130000114440918,4.130000114440918,248500,GRWG
2018-02-27,4.130000114440918,4.150000095367432,3.6500000953674316,3.799999952316284,3.799999952316284,303100,GRWG
2018-02-28,3.799999952316284,4.28000020980835,3.690000057220459,4.179999828338623,4.179999828338623,131600,GRWG
2018-03-01,4.21999979019165,4.289999961853027,4.099999904632568,4.210000038146973,4.210000038146973,52800,GRWG
2018-03-02,4.175000190734863,4.25,4.139999866485596,4.21999979019165,4.21999979019165,38900,GRWG
2018-03-05,4.150000095367432,4.329999923706055,4.150000095367432,4.28000020980835,4.28000020980835,48200,GRWG
2018-03-06,4.340000152587891,4.829999923706055,4.309999942779541,4.349999904632568,4.349999904632568,90200,GRWG
2018-03-07,4.300000190734863,4.599999904632568,4.300000190734863,4.53000020980835,4.53000020980835,45600,GRWG
2018-03-08,4.449999809265137,4.550000190734863,4.449999809265137,4.550000190734863,4.550000190734863,50300,GRWG
2018-03-09,4.534999847412109,4.739999771118164,4.28000020980835,4.639999866485596,4.639999866485596,90900,GRWG
2018-03-12,4.639999866485596,4.75,4.630000114440918,4.710000038146973,4.710000038146973,83400,GRWG
2018-03-13,4.75,4.75,4.699999809265137,4.739999771118164,4.739999771118164,59000,GRWG
2018-03-14,4.78000020980835,5.0,4.650000095367432,4.650000095367432,4.650000095367432,49600,GRWG
2018-03-15,4.699999809265137,4.869999885559082,4.599999904632568,4.619999885559082,4.619999885559082,39800,GRWG
2018-03-16,4.650000095367432,4.650000095367432,4.309999942779541,4.5,4.5,42300,GRWG
2018-03-19,4.429999828338623,4.5,4.159999847412109,4.489999771118164,4.489999771118164,111200,GRWG
2018-03-20,4.489999771118164,4.5,4.239999771118164,4.349999904632568,4.349999904632568,19500,GRWG
2018-03-21,4.349999904632568,4.510000228881836,4.150000095367432,4.224999904632568,4.224999904632568,32300,GRWG
2018-03-22,4.159999847412109,4.2179999351501465,4.059999942779541,4.170000076293945,4.170000076293945,47400,GRWG
2018-03-23,4.170000076293945,4.199999809265137,4.0,4.070000171661377,4.070000171661377,62900,GRWG
2018-03-26,3.9600000381469727,4.0,3.7899999618530273,4.0,4.0,116400,GRWG
2018-03-27,4.0,4.440000057220459,3.7799999713897705,4.380000114440918,4.380000114440918,102200,GRWG
2018-03-28,4.119999885559082,4.480000019073486,3.8499999046325684,4.28000020980835,4.28000020980835,78600,GRWG
2018-03-29,4.150000095367432,4.349999904632568,4.010000228881836,4.070000171661377,4.070000171661377,67800,GRWG
2018-04-02,4.059999942779541,4.110000133514404,3.6500000953674316,3.75,3.75,146700,GRWG
2018-04-03,3.7799999713897705,4.25,3.5299999713897705,3.5999999046325684,3.5999999046325684,82200,GRWG
2018-04-04,3.5850000381469727,3.5999999046325684,3.0999999046325684,3.5899999141693115,3.5899999141693115,168100,GRWG
2018-04-05,3.5199999809265137,3.5899999141693115,3.309999942779541,3.5,3.5,98400,GRWG
2018-04-06,3.309999942779541,3.4000000953674316,3.25,3.299999952316284,3.299999952316284,153300,GRWG
2018-04-09,3.3499999046325684,3.7200000286102295,3.2899999618530273,3.440000057220459,3.440000057220459,28600,GRWG
2018-04-10,3.5,3.5,3.2699999809265137,3.359999895095825,3.359999895095825,85900,GRWG
2018-04-11,3.369999885559082,3.5999999046325684,3.299999952316284,3.450000047683716,3.450000047683716,62300,GRWG
2018-04-12,3.4700000286102295,3.9700000286102295,3.4700000286102295,3.869999885559082,3.869999885559082,104600,GRWG
2018-04-13,4.045000076293945,4.800000190734863,3.7200000286102295,4.579999923706055,4.579999923706055,269500,GRWG
2018-04-16,5.125,5.489999771118164,4.829999923706055,4.829999923706055,4.829999923706055,407200,GRWG
2018-04-17,4.78000020980835,4.78000020980835,4.309999942779541,4.309999942779541,4.309999942779541,183500,GRWG
2018-04-18,4.425000190734863,4.550000190734863,4.150000095367432,4.400000095367432,4.400000095367432,86600,GRWG
2018-04-19,4.369999885559082,4.730000019073486,4.369999885559082,4.5,4.5,96700,GRWG
2018-04-20,4.590000152587891,4.980000019073486,4.510000228881836,4.75,4.75,93900,GRWG
2018-04-23,4.699999809265137,4.829999923706055,4.119999885559082,4.489999771118164,4.489999771118164,121300,GRWG
2018-04-24,4.260000228881836,4.400000095367432,4.130000114440918,4.199999809265137,4.199999809265137,69500,GRWG
2018-04-25,4.190000057220459,4.230000019073486,3.944999933242798,4.170000076293945,4.170000076293945,104100,GRWG
2018-04-26,4.110000133514404,4.429999828338623,4.110000133514404,4.389999866485596,4.389999866485596,60100,GRWG
2018-04-27,4.75,4.789999961853027,4.519999980926514,4.699999809265137,4.699999809265137,196500,GRWG
2018-04-30,4.909999847412109,5.099999904632568,4.75,4.949999809265137,4.949999809265137,207000,GRWG
2018-05-01,5.099999904632568,5.110000133514404,4.71999979019165,4.800000190734863,4.800000190734863,114400,GRWG
2018-05-02,5.168000221252441,5.170000076293945,4.730000019073486,4.940000057220459,4.940000057220459,104800,GRWG
2018-05-03,4.940000057220459,5.099999904632568,4.889999866485596,4.949999809265137,4.949999809265137,46800,GRWG
2018-05-04,4.940000057220459,5.059999942779541,4.840000152587891,4.869999885559082,4.869999885559082,49900,GRWG
2018-05-07,4.900000095367432,5.050000190734863,4.900000095367432,4.949999809265137,4.949999809265137,45400,GRWG
2018-05-08,4.989999771118164,5.170000076293945,4.929999828338623,4.980000019073486,4.980000019073486,71500,GRWG
2018-05-09,5.063000202178955,5.489999771118164,5.039999961853027,5.150000095367432,5.150000095367432,179800,GRWG
2018-05-10,5.170000076293945,5.170000076293945,4.75,4.840000152587891,4.840000152587891,161700,GRWG
2018-05-11,4.949999809265137,5.0,4.829999923706055,4.849999904632568,4.849999904632568,47900,GRWG
2018-05-14,4.909999847412109,5.050000190734863,4.829999923706055,4.900000095367432,4.900000095367432,78100,GRWG
2018-05-15,4.880000114440918,5.099999904632568,4.570000171661377,5.099999904632568,5.099999904632568,65100,GRWG
2018-05-16,5.050000190734863,5.099999904632568,4.480000019073486,4.96999979019165,4.96999979019165,164900,GRWG
2018-05-17,4.960000038146973,5.099999904632568,4.75,4.861000061035156,4.861000061035156,46400,GRWG
2018-05-18,4.989999771118164,5.090000152587891,4.78000020980835,4.900000095367432,4.900000095367432,21000,GRWG
2018-05-21,4.940000057220459,5.079999923706055,4.809999942779541,5.0,5.0,139000,GRWG
2018-05-22,5.0,5.050000190734863,4.820000171661377,4.849999904632568,4.849999904632568,78500,GRWG
2018-05-23,4.849999904632568,4.949999809265137,4.679999828338623,4.800000190734863,4.800000190734863,62900,GRWG
2018-05-24,4.949999809265137,4.949999809265137,4.690000057220459,4.71999979019165,4.71999979019165,33700,GRWG
2018-05-25,4.889999866485596,4.889999866485596,4.570000171661377,4.760000228881836,4.760000228881836,50400,GRWG
2018-05-29,4.570000171661377,4.78000020980835,4.5,4.53000020980835,4.53000020980835,53300,GRWG
2018-05-30,4.599999904632568,4.789999961853027,4.460000038146973,4.639999866485596,4.639999866485596,44200,GRWG
2018-05-31,4.519999980926514,4.599999904632568,4.5,4.510000228881836,4.510000228881836,24300,GRWG
2018-06-01,4.5,4.639999866485596,4.5,4.550000190734863,4.550000190734863,31500,GRWG
2018-06-04,4.550000190734863,4.599999904632568,4.300000190734863,4.329999923706055,4.329999923706055,77200,GRWG
2018-06-05,4.329999923706055,4.349999904632568,4.090000152587891,4.099999904632568,4.099999904632568,161500,GRWG
2018-06-06,4.130000114440918,4.590000152587891,4.130000114440918,4.449999809265137,4.449999809265137,85500,GRWG
2018-06-07,4.590000152587891,4.679999828338623,4.460000038146973,4.599999904632568,4.599999904632568,79700,GRWG
2018-06-08,4.800000190734863,4.800000190734863,4.300000190734863,4.630000114440918,4.630000114440918,86800,GRWG
2018-06-11,4.679999828338623,4.699999809265137,4.349999904632568,4.579999923706055,4.579999923706055,31800,GRWG
2018-06-12,4.550000190734863,4.550000190734863,4.420000076293945,4.480000019073486,4.480000019073486,25500,GRWG
2018-06-13,4.474999904632568,4.5,4.21999979019165,4.320000171661377,4.320000171661377,62900,GRWG
2018-06-14,4.300000190734863,4.360000133514404,4.21999979019165,4.230000019073486,4.230000019073486,45900,GRWG
2018-06-15,4.269999980926514,4.300000190734863,4.150000095367432,4.210000038146973,4.210000038146973,28100,GRWG
2018-06-18,4.150000095367432,4.260000228881836,4.099999904632568,4.130000114440918,4.130000114440918,54000,GRWG
2018-06-19,4.110000133514404,4.239999771118164,4.090000152587891,4.139999866485596,4.139999866485596,29400,GRWG
2018-06-20,4.139999866485596,4.369999885559082,4.099999904632568,4.300000190734863,4.300000190734863,42200,GRWG
2018-06-21,4.25,4.389999866485596,4.159999847412109,4.289999961853027,4.289999961853027,24800,GRWG
2018-06-22,4.264999866485596,4.300000190734863,4.210000038146973,4.269999980926514,4.269999980926514,43300,GRWG
2018-06-25,4.28000020980835,4.28000020980835,4.010000228881836,4.081999778747559,4.081999778747559,47500,GRWG
2018-06-26,4.099999904632568,4.199999809265137,4.0,4.025000095367432,4.025000095367432,39000,GRWG
2018-06-27,4.019999980926514,4.019999980926514,3.809999942779541,3.8450000286102295,3.8450000286102295,89700,GRWG
2018-06-28,3.884999990463257,3.950000047683716,3.799999952316284,3.940000057220459,3.940000057220459,49400,GRWG
2018-06-29,3.884999990463257,3.950000047683716,3.8499999046325684,3.9000000953674316,3.9000000953674316,12300,GRWG
2018-07-02,3.930000066757202,3.930000066757202,3.700000047683716,3.7699999809265137,3.7699999809265137,52000,GRWG
2018-07-03,3.7200000286102295,3.950000047683716,3.6600000858306885,3.9000000953674316,3.9000000953674316,29500,GRWG
2018-07-05,3.740000009536743,3.9000000953674316,3.6500000953674316,3.6600000858306885,3.6600000858306885,35900,GRWG
2018-07-06,3.674999952316284,4.489999771118164,3.674999952316284,4.480000019073486,4.480000019073486,364900,GRWG
2018-07-09,4.539999961853027,4.539999961853027,4.119999885559082,4.199999809265137,4.199999809265137,120300,GRWG
2018-07-10,4.215000152587891,4.215000152587891,4.0,4.099999904632568,4.099999904632568,78200,GRWG
2018-07-11,4.019999980926514,4.099999904632568,4.0,4.0,4.0,52900,GRWG
2018-07-12,4.079999923706055,4.130000114440918,3.990000009536743,4.046000003814697,4.046000003814697,22900,GRWG
2018-07-13,4.079999923706055,4.099999904632568,3.9000000953674316,4.0279998779296875,4.0279998779296875,53500,GRWG
2018-07-16,4.0,4.03000020980835,3.9000000953674316,4.0,4.0,41100,GRWG
2018-07-17,4.099999904632568,4.099999904632568,3.5999999046325684,3.700000047683716,3.700000047683716,115300,GRWG
2018-07-18,3.75,3.990000009536743,3.690000057220459,3.875,3.875,76100,GRWG
2018-07-19,3.875,3.930000066757202,3.809999942779541,3.8499999046325684,3.8499999046325684,35200,GRWG
2018-07-20,3.8499999046325684,3.875,3.4600000381469727,3.6500000953674316,3.6500000953674316,102900,GRWG
2018-07-23,3.6500000953674316,3.7699999809265137,3.5,3.680000066757202,3.680000066757202,51200,GRWG
2018-07-24,3.559999942779541,3.75,3.4800000190734863,3.640000104904175,3.640000104904175,50800,GRWG
2018-07-25,3.890000104904175,3.890000104904175,3.640000104904175,3.799999952316284,3.799999952316284,39800,GRWG
2018-07-26,3.799999952316284,3.890000104904175,3.4600000381469727,3.549999952316284,3.549999952316284,55400,GRWG
2018-07-27,3.434999942779541,3.7899999618530273,3.4100000858306885,3.559000015258789,3.559000015258789,44500,GRWG
2018-07-30,3.5,3.684999942779541,3.430000066757202,3.684999942779541,3.684999942779541,49500,GRWG
2018-07-31,3.619999885559082,3.6500000953674316,3.5,3.5429999828338623,3.5429999828338623,27100,GRWG
2018-08-01,3.549999952316284,3.75,3.509999990463257,3.549999952316284,3.549999952316284,33600,GRWG
2018-08-02,3.509999990463257,3.549999952316284,3.4200000762939453,3.5,3.5,46500,GRWG
2018-08-03,3.4200000762939453,3.549999952316284,3.4200000762939453,3.5199999809265137,3.5199999809265137,14300,GRWG
2018-08-06,3.555000066757202,3.555000066757202,3.4100000858306885,3.4800000190734863,3.4800000190734863,36000,GRWG
2018-08-07,3.4200000762939453,3.5999999046325684,3.4200000762939453,3.5,3.5,32500,GRWG
2018-08-08,3.5999999046325684,3.700000047683716,3.5,3.569999933242798,3.569999933242798,29600,GRWG
2018-08-09,3.575000047683716,3.619999885559082,3.5,3.5,3.5,17900,GRWG
2018-08-10,3.4800000190734863,3.7249999046325684,3.4800000190734863,3.640000104904175,3.640000104904175,63400,GRWG
2018-08-13,3.690000057220459,3.7320001125335693,3.619999885559082,3.7300000190734863,3.7300000190734863,85100,GRWG
2018-08-14,3.6600000858306885,3.75,3.630000114440918,3.6600000858306885,3.6600000858306885,99100,GRWG
2018-08-15,3.630000114440918,3.7899999618530273,3.630000114440918,3.6649999618530273,3.6649999618530273,55600,GRWG
2018-08-16,3.6500000953674316,3.7200000286102295,3.5999999046325684,3.6700000762939453,3.6700000762939453,104800,GRWG
2018-08-17,3.690000057220459,3.9000000953674316,3.640000104904175,3.7899999618530273,3.7899999618530273,83600,GRWG
2018-08-20,3.7899999618530273,4.03000020980835,3.690000057220459,3.9700000286102295,3.9700000286102295,149000,GRWG
2018-08-21,3.9749999046325684,4.25600004196167,3.9749999046325684,4.090000152587891,4.090000152587891,253600,GRWG
2018-08-22,4.090000152587891,4.224999904632568,4.059999942779541,4.110000133514404,4.110000133514404,127200,GRWG
2018-08-23,4.23799991607666,4.300000190734863,4.0,4.21999979019165,4.21999979019165,215200,GRWG
2018-08-24,4.260000228881836,4.46999979019165,4.099999904632568,4.190000057220459,4.190000057220459,231600,GRWG
2018-08-27,4.190000057220459,4.480000019073486,4.119999885559082,4.119999885559082,4.119999885559082,190000,GRWG
2018-08-28,4.260000228881836,4.28000020980835,3.9549999237060547,4.210000038146973,4.210000038146973,167000,GRWG
2018-08-29,4.46999979019165,5.065000057220459,4.449999809265137,4.949999809265137,4.949999809265137,564300,GRWG
2018-08-30,5.0,5.0,4.610000133514404,4.75,4.75,210500,GRWG
2018-08-31,4.670000076293945,4.849999904632568,4.449999809265137,4.610000133514404,4.610000133514404,249900,GRWG
2018-09-04,4.670000076293945,5.079999923706055,4.610000133514404,5.079999923706055,5.079999923706055,333500,GRWG
2018-09-05,5.050000190734863,5.099999904632568,4.769999980926514,4.900000095367432,4.900000095367432,288900,GRWG
2018-09-06,4.900000095367432,4.900000095367432,4.650000095367432,4.699999809265137,4.699999809265137,105500,GRWG
2018-09-07,4.699999809265137,4.699999809265137,4.53000020980835,4.625,4.625,89500,GRWG
2018-09-10,4.539999961853027,4.880000114440918,4.539999961853027,4.690000057220459,4.690000057220459,112500,GRWG
2018-09-11,4.699999809265137,4.900000095367432,4.650000095367432,4.699999809265137,4.699999809265137,88100,GRWG
2018-09-12,4.849999904632568,4.849999904632568,4.5,4.599999904632568,4.599999904632568,166400,GRWG
2018-09-13,4.650000095367432,4.650000095367432,4.25,4.25,4.25,182900,GRWG
2018-09-14,4.239999771118164,4.329999923706055,4.099999904632568,4.21999979019165,4.21999979019165,122700,GRWG
2018-09-17,4.079999923706055,4.25,3.9000000953674316,4.085000038146973,4.085000038146973,196200,GRWG
2018-09-18,4.085000038146973,4.150000095367432,3.950000047683716,4.125,4.125,169100,GRWG
2018-09-19,4.300000190734863,4.300000190734863,4.0,4.159999847412109,4.159999847412109,202400,GRWG
2018-09-20,4.210000038146973,4.210000038146973,4.0,4.099999904632568,4.099999904632568,274500,GRWG
2018-09-21,4.119999885559082,4.389999866485596,4.099999904632568,4.215000152587891,4.215000152587891,223500,GRWG
2018-09-24,4.119999885559082,4.380000114440918,4.119999885559082,4.309999942779541,4.309999942779541,147000,GRWG
2018-09-25,4.53000020980835,4.550000190734863,4.372000217437744,4.53000020980835,4.53000020980835,163200,GRWG
2018-09-26,4.539999961853027,4.699999809265137,4.400000095367432,4.400000095367432,4.400000095367432,189300,GRWG
2018-09-27,4.570000171661377,4.579999923706055,4.300000190734863,4.309999942779541,4.309999942779541,88700,GRWG
2018-09-28,4.300000190734863,4.389999866485596,4.099999904632568,4.300000190734863,4.300000190734863,96600,GRWG
2018-10-01,4.199999809265137,4.429999828338623,4.059999942779541,4.420000076293945,4.420000076293945,114900,GRWG
2018-10-02,4.449999809265137,4.449999809265137,4.099999904632568,4.210000038146973,4.210000038146973,72300,GRWG
2018-10-03,4.210000038146973,4.369999885559082,4.210000038146973,4.333000183105469,4.333000183105469,102400,GRWG
2018-10-04,4.304999828338623,4.304999828338623,4.150000095367432,4.239999771118164,4.239999771118164,63500,GRWG
2018-10-05,4.25,4.400000095367432,4.170000076293945,4.360000133514404,4.360000133514404,70400,GRWG
2018-10-08,4.320000171661377,4.5,4.28000020980835,4.400000095367432,4.400000095367432,79200,GRWG
2018-10-09,4.409999847412109,4.449999809265137,4.28000020980835,4.300000190734863,4.300000190734863,62500,GRWG
2018-10-10,4.300000190734863,4.300000190734863,4.150000095367432,4.179999828338623,4.179999828338623,54400,GRWG
2018-10-11,4.099999904632568,4.179999828338623,3.8499999046325684,4.177000045776367,4.177000045776367,133400,GRWG
2018-10-12,4.050000190734863,4.239999771118164,4.050000190734863,4.190000057220459,4.190000057220459,45600,GRWG
2018-10-15,4.099999904632568,4.46999979019165,4.090000152587891,4.389999866485596,4.389999866485596,117700,GRWG
2018-10-16,4.400000095367432,4.519999980926514,4.244999885559082,4.28000020980835,4.28000020980835,130900,GRWG
2018-10-17,4.300000190734863,4.300000190734863,4.150000095367432,4.260000228881836,4.260000228881836,130600,GRWG
2018-10-18,4.190000057220459,4.25,3.9100000858306885,4.079999923706055,4.079999923706055,165700,GRWG
2018-10-19,4.050000190734863,4.119999885559082,3.799999952316284,3.9200000762939453,3.9200000762939453,132400,GRWG
2018-10-22,3.799999952316284,3.859999895095825,3.440000057220459,3.559999942779541,3.559999942779541,194300,GRWG
2018-10-23,3.4800000190734863,3.8299999237060547,3.049999952316284,3.5899999141693115,3.5899999141693115,200900,GRWG
2018-10-24,3.680000066757202,3.809999942779541,3.200000047683716,3.2079999446868896,3.2079999446868896,118100,GRWG
2018-10-25,3.200000047683716,3.569999933242798,3.200000047683716,3.4100000858306885,3.4100000858306885,90200,GRWG
2018-10-26,3.4700000286102295,3.559999942779541,3.2699999809265137,3.4100000858306885,3.4100000858306885,89300,GRWG
2018-10-29,3.4000000953674316,3.4700000286102295,3.059999942779541,3.2049999237060547,3.2049999237060547,139900,GRWG
2018-10-30,3.2300000190734863,3.4200000762939453,3.109999895095825,3.200000047683716,3.200000047683716,65900,GRWG
2018-10-31,3.2200000286102295,3.4200000762939453,3.200000047683716,3.369999885559082,3.369999885559082,66700,GRWG
2018-11-01,3.3499999046325684,3.4800000190734863,3.3399999141693115,3.440000057220459,3.440000057220459,81800,GRWG
2018-11-02,3.5399999618530273,3.700000047683716,3.490000009536743,3.5999999046325684,3.5999999046325684,66800,GRWG
2018-11-05,3.690000057220459,3.799999952316284,3.5399999618530273,3.7899999618530273,3.7899999618530273,97500,GRWG
2018-11-06,3.9000000953674316,3.950000047683716,3.6500000953674316,3.7300000190734863,3.7300000190734863,129600,GRWG
2018-11-07,3.700000047683716,4.179999828338623,3.5,4.139999866485596,4.139999866485596,222800,GRWG
2018-11-08,4.099999904632568,4.190000057220459,3.859999895095825,4.119999885559082,4.119999885559082,132000,GRWG
2018-11-09,4.130000114440918,4.130000114440918,3.819999933242798,3.8499999046325684,3.8499999046325684,90500,GRWG
2018-11-12,3.9700000286102295,4.050000190734863,3.440000057220459,3.4700000286102295,3.4700000286102295,96300,GRWG
2018-11-13,3.4700000286102295,3.640000104904175,3.200000047683716,3.369999885559082,3.369999885559082,117400,GRWG
2018-11-14,3.4000000953674316,3.4200000762939453,3.0999999046325684,3.1989998817443848,3.1989998817443848,95100,GRWG
2018-11-15,3.0999999046325684,3.5799999237060547,3.0,3.450000047683716,3.450000047683716,91400,GRWG
2018-11-16,3.4000000953674316,3.430000066757202,3.180000066757202,3.259999990463257,3.259999990463257,81800,GRWG
2018-11-19,3.299999952316284,3.3499999046325684,2.940000057220459,3.0290000438690186,3.0290000438690186,155800,GRWG
2018-11-20,3.0,3.0799999237060547,2.9000000953674316,3.059999942779541,3.059999942779541,178300,GRWG
2018-11-21,3.0350000858306885,3.190000057220459,2.950000047683716,3.187000036239624,3.187000036239624,40500,GRWG
2018-11-23,3.1449999809265137,3.190000057220459,3.049999952316284,3.0999999046325684,3.0999999046325684,19600,GRWG
2018-11-26,3.109999895095825,3.140000104904175,3.0,3.0399999618530273,3.0399999618530273,51300,GRWG
2018-11-27,3.0299999713897705,3.0299999713897705,2.940000057220459,2.950000047683716,2.950000047683716,76300,GRWG
2018-11-28,2.930000066757202,3.130000114440918,2.9200000762939453,2.9749999046325684,2.9749999046325684,109700,GRWG
2018-11-29,2.9749999046325684,3.1449999809265137,2.950000047683716,3.0399999618530273,3.0399999618530273,143500,GRWG
2018-11-30,3.0439999103546143,3.0439999103546143,2.940000057220459,3.0,3.0,87700,GRWG
2018-12-03,3.009999990463257,3.109999895095825,2.950000047683716,3.0,3.0,112600,GRWG
2018-12-04,3.0,3.0,2.819999933242798,2.880000114440918,2.880000114440918,146700,GRWG
2018-12-06,2.75,2.8499999046325684,2.559999942779541,2.8499999046325684,2.8499999046325684,153100,GRWG
2018-12-07,2.8450000286102295,2.9700000286102295,2.799999952316284,2.890000104904175,2.890000104904175,96600,GRWG
2018-12-10,2.880000114440918,3.069999933242798,2.8499999046325684,2.924999952316284,2.924999952316284,81900,GRWG
2018-12-11,3.0199999809265137,3.0199999809265137,2.8299999237060547,2.9800000190734863,2.9800000190734863,47600,GRWG
2018-12-12,2.9800000190734863,3.009999990463257,2.759999990463257,3.009999990463257,3.009999990463257,62400,GRWG
2018-12-13,2.950000047683716,3.0199999809265137,2.7100000381469727,2.799999952316284,2.799999952316284,53900,GRWG
2018-12-14,2.799999952316284,2.9600000381469727,2.7750000953674316,2.890000104904175,2.890000104904175,47600,GRWG
2018-12-17,2.890000104904175,2.890000104904175,2.6500000953674316,2.6700000762939453,2.6700000762939453,92400,GRWG
2018-12-18,2.6549999713897705,2.6700000762939453,2.259999990463257,2.5,2.5,148100,GRWG
2018-12-19,2.4800000190734863,2.5399999618530273,2.3299999237060547,2.5399999618530273,2.5399999618530273,99500,GRWG
2018-12-20,2.5,2.5250000953674316,2.130000114440918,2.319999933242798,2.319999933242798,167700,GRWG
2018-12-21,2.319999933242798,2.390000104904175,2.2200000286102295,2.2300000190734863,2.2300000190734863,76300,GRWG
2018-12-24,2.184999942779541,2.315000057220459,2.125999927520752,2.299999952316284,2.299999952316284,198000,GRWG
2018-12-26,2.234999895095825,2.3399999141693115,2.134999990463257,2.25,2.25,114100,GRWG
2018-12-27,2.240000009536743,2.299999952316284,2.1700000762939453,2.186000108718872,2.186000108718872,39100,GRWG
2018-12-28,2.25,2.25,2.130000114440918,2.1500000953674316,2.1500000953674316,96600,GRWG
2018-12-31,2.180000066757202,2.319999933242798,2.0490000247955322,2.25,2.25,179200,GRWG
2019-01-02,2.234999895095825,2.4000000953674316,2.180000066757202,2.369999885559082,2.369999885559082,125400,GRWG
2019-01-03,2.450000047683716,2.9000000953674316,2.380000114440918,2.5199999809265137,2.5199999809265137,218300,GRWG
2019-01-04,2.5799999237060547,2.7990000247955322,2.5799999237060547,2.609999895095825,2.609999895095825,110700,GRWG
2019-01-07,2.6700000762939453,2.759999990463257,2.5899999141693115,2.6500000953674316,2.6500000953674316,51500,GRWG
2019-01-08,2.7750000953674316,2.9000000953674316,2.640000104904175,2.890000104904175,2.890000104904175,94300,GRWG
2019-01-09,2.9000000953674316,2.940000057220459,2.75,2.7980000972747803,2.7980000972747803,82600,GRWG
2019-01-10,2.8499999046325684,2.950000047683716,2.743000030517578,2.7799999713897705,2.7799999713897705,74700,GRWG
2019-01-11,2.690000057220459,2.7799999713897705,2.5999999046325684,2.674999952316284,2.674999952316284,67700,GRWG
2019-01-14,2.690000057220459,2.7200000286102295,2.609999895095825,2.7200000286102295,2.7200000286102295,58700,GRWG
2019-01-15,2.700000047683716,2.8299999237060547,2.6500000953674316,2.7200000286102295,2.7200000286102295,35300,GRWG
2019-01-16,2.8499999046325684,2.8499999046325684,2.5999999046325684,2.700000047683716,2.700000047683716,79500,GRWG
2019-01-17,2.700000047683716,2.8299999237060547,2.640000104904175,2.7899999618530273,2.7899999618530273,32400,GRWG
2019-01-18,2.8299999237060547,2.9700000286102295,2.759999990463257,2.9600000381469727,2.9600000381469727,75600,GRWG
2019-01-22,3.0199999809265137,3.180000066757202,2.990000009536743,3.1700000762939453,3.1700000762939453,179300,GRWG
2019-01-23,3.200000047683716,3.240000009536743,2.930000066757202,3.119999885559082,3.119999885559082,106000,GRWG
2019-01-24,3.0250000953674316,3.130000114440918,2.950000047683716,3.059999942779541,3.059999942779541,82500,GRWG
2019-01-25,3.119999885559082,3.119999885559082,2.9800000190734863,3.0999999046325684,3.0999999046325684,43900,GRWG
2019-01-28,3.109999895095825,3.109999895095825,3.009999990463257,3.0399999618530273,3.0399999618530273,62600,GRWG
2019-01-29,3.0350000858306885,3.0999999046325684,3.0,3.0399999618530273,3.0399999618530273,43500,GRWG
2019-01-30,3.0999999046325684,3.0999999046325684,2.9600000381469727,3.0,3.0,89900,GRWG
2019-01-31,2.9600000381469727,3.0399999618530273,2.9600000381469727,2.990000009536743,2.990000009536743,67200,GRWG
2019-02-01,2.940000057220459,3.059999942779541,2.75,3.0199999809265137,3.0199999809265137,187800,GRWG
2019-02-04,3.049999952316284,3.380000114440918,3.009999990463257,3.2300000190734863,3.2300000190734863,172200,GRWG
2019-02-05,3.265000104904175,3.328000068664551,3.1500000953674316,3.1600000858306885,3.1600000858306885,76800,GRWG
2019-02-06,3.1760001182556152,3.25,3.009999990463257,3.180000066757202,3.180000066757202,105700,GRWG
2019-02-07,3.190000057220459,3.305000066757202,3.134999990463257,3.259999990463257,3.259999990463257,87400,GRWG
2019-02-08,3.25,3.2799999713897705,3.1600000858306885,3.240000009536743,3.240000009536743,41000,GRWG
2019-02-11,3.259999990463257,3.5299999713897705,3.25,3.3929998874664307,3.3929998874664307,129100,GRWG
2019-02-12,3.4100000858306885,3.5299999713897705,3.2699999809265137,3.299999952316284,3.299999952316284,100700,GRWG
2019-02-13,3.3499999046325684,3.5,3.2899999618530273,3.3499999046325684,3.3499999046325684,71100,GRWG
2019-02-14,3.3499999046325684,3.4000000953674316,3.2699999809265137,3.3499999046325684,3.3499999046325684,56700,GRWG
2019-02-15,3.369999885559082,3.5299999713897705,3.3499999046325684,3.4600000381469727,3.4600000381469727,146300,GRWG
2019-02-19,3.4700000286102295,3.619999885559082,3.4100000858306885,3.450000047683716,3.450000047683716,122000,GRWG
2019-02-20,3.450000047683716,3.490000009536743,3.359999895095825,3.380000114440918,3.380000114440918,78500,GRWG
2019-02-21,3.384999990463257,3.4200000762939453,3.3399999141693115,3.3499999046325684,3.3499999046325684,49000,GRWG
2019-02-22,3.369999885559082,3.380000114440918,3.180000066757202,3.2899999618530273,3.2899999618530273,104600,GRWG
2019-02-25,3.2750000953674316,3.2899999618530273,3.009999990463257,3.130000114440918,3.130000114440918,197800,GRWG
2019-02-26,3.0799999237060547,3.240000009536743,3.009999990463257,3.009999990463257,3.009999990463257,125600,GRWG
2019-02-27,2.9700000286102295,2.9700000286102295,2.8499999046325684,2.880000114440918,2.880000114440918,435700,GRWG
2019-02-28,2.8299999237060547,2.880000114440918,2.7699999809265137,2.7699999809265137,2.7699999809265137,180400,GRWG
2019-03-01,2.755000114440918,2.755000114440918,2.640000104904175,2.700000047683716,2.700000047683716,201000,GRWG
2019-03-04,2.690000057220459,2.700000047683716,2.559999942779541,2.5799999237060547,2.5799999237060547,164800,GRWG
2019-03-05,2.5799999237060547,2.880000114440918,2.559999942779541,2.7200000286102295,2.7200000286102295,131000,GRWG
2019-03-06,2.7200000286102295,2.740000009536743,2.549999952316284,2.5999999046325684,2.5999999046325684,83400,GRWG
2019-03-07,2.640000104904175,2.819999933242798,2.559999942779541,2.627000093460083,2.627000093460083,165900,GRWG
2019-03-08,2.6600000858306885,2.799999952316284,2.5199999809265137,2.759999990463257,2.759999990463257,174200,GRWG
2019-03-11,2.799999952316284,3.0,2.7699999809265137,2.890000104904175,2.890000104904175,179300,GRWG
2019-03-12,2.890000104904175,3.0,2.8499999046325684,2.880000114440918,2.880000114440918,81700,GRWG
2019-03-13,2.8499999046325684,2.9600000381469727,2.8399999141693115,2.930000066757202,2.930000066757202,55900,GRWG
2019-03-14,2.950000047683716,2.950000047683716,2.815000057220459,2.9000000953674316,2.9000000953674316,54700,GRWG
2019-03-15,2.950000047683716,3.0999999046325684,2.8299999237060547,3.059999942779541,3.059999942779541,146600,GRWG
2019-03-18,3.130000114440918,3.2799999713897705,3.075000047683716,3.2200000286102295,3.2200000286102295,240000,GRWG
2019-03-19,3.200000047683716,3.200000047683716,2.930000066757202,3.0799999237060547,3.0799999237060547,133200,GRWG
2019-03-20,3.0,3.200000047683716,2.990000009536743,3.190000057220459,3.190000057220459,205700,GRWG
2019-03-21,3.109999895095825,3.2300000190734863,3.0299999713897705,3.069999933242798,3.069999933242798,116000,GRWG
2019-03-22,3.0299999713897705,3.0899999141693115,2.859999895095825,3.0199999809265137,3.0199999809265137,177500,GRWG
2019-03-25,2.930000066757202,3.009999990463257,2.8499999046325684,2.9860000610351562,2.9860000610351562,100200,GRWG
2019-03-26,2.950000047683716,3.059999942779541,2.869999885559082,2.9600000381469727,2.9600000381469727,60800,GRWG
2019-03-27,2.9600000381469727,3.0299999713897705,2.819999933242798,2.950000047683716,2.950000047683716,53300,GRWG
2019-03-28,2.944999933242798,2.990000009536743,2.8499999046325684,2.9000000953674316,2.9000000953674316,84800,GRWG
2019-03-29,2.890000104904175,3.0199999809265137,2.819999933242798,3.015000104904175,3.015000104904175,97000,GRWG
2019-04-01,3.0299999713897705,3.2799999713897705,2.8399999141693115,3.0,3.0,496000,GRWG
2019-04-02,3.0299999713897705,3.0299999713897705,2.6589999198913574,3.009999990463257,3.009999990463257,248000,GRWG
2019-04-03,3.049999952316284,3.109999895095825,2.869999885559082,3.109999895095825,3.109999895095825,79800,GRWG
2019-04-04,3.0999999046325684,3.109999895095825,2.990000009536743,3.009999990463257,3.009999990463257,94800,GRWG
2019-04-05,3.0,3.049999952316284,2.950000047683716,3.0199999809265137,3.0199999809265137,55800,GRWG
2019-04-08,3.049999952316284,3.049999952316284,2.990000009536743,2.990000009536743,2.990000009536743,68200,GRWG
2019-04-09,3.0,3.0,2.990000009536743,2.993000030517578,2.993000030517578,58200,GRWG
2019-04-10,2.990000009536743,3.049999952316284,2.990000009536743,3.005000114440918,3.005000114440918,111900,GRWG
2019-04-11,3.0,3.0399999618530273,2.990000009536743,3.0,3.0,139100,GRWG
2019-04-12,3.0,3.0399999618530273,2.990000009536743,3.009999990463257,3.009999990463257,59900,GRWG
2019-04-15,3.009999990463257,3.009999990463257,2.990000009536743,2.990000009536743,2.990000009536743,78200,GRWG
2019-04-16,2.990000009536743,3.009999990463257,2.869999885559082,3.0,3.0,160600,GRWG
2019-04-17,2.990000009536743,3.0,2.9800000190734863,2.990000009536743,2.990000009536743,29200,GRWG
2019-04-18,2.990000009536743,3.0199999809265137,2.9800000190734863,2.990000009536743,2.990000009536743,66100,GRWG
2019-04-22,2.990000009536743,3.0399999618530273,2.8499999046325684,2.8499999046325684,2.8499999046325684,78700,GRWG
2019-04-23,2.8499999046325684,2.930000066757202,2.700000047683716,2.927000045776367,2.927000045776367,140500,GRWG
2019-04-24,2.8499999046325684,2.930000066757202,2.759999990463257,2.869999885559082,2.869999885559082,37500,GRWG
2019-04-25,2.869999885559082,2.869999885559082,2.7200000286102295,2.799999952316284,2.799999952316284,57200,GRWG
2019-04-26,2.740000009536743,2.9000000953674316,2.7300000190734863,2.9000000953674316,2.9000000953674316,40300,GRWG
2019-04-29,2.6500000953674316,2.9200000762939453,2.6500000953674316,2.7200000286102295,2.7200000286102295,107000,GRWG
2019-04-30,2.7200000286102295,2.75,2.6500000953674316,2.690000057220459,2.690000057220459,66900,GRWG
2019-05-01,2.6500000953674316,2.75,2.609999895095825,2.740000009536743,2.740000009536743,63400,GRWG
2019-05-02,2.684999942779541,2.690000057220459,2.5999999046325684,2.6500000953674316,2.6500000953674316,48100,GRWG
2019-05-03,2.5999999046325684,2.6500000953674316,2.559999942779541,2.5999999046325684,2.5999999046325684,53400,GRWG
2019-05-06,2.569999933242798,2.740000009536743,2.5299999713897705,2.7200000286102295,2.7200000286102295,57300,GRWG
2019-05-07,2.740000009536743,3.240000009536743,2.7300000190734863,3.240000009536743,3.240000009536743,501300,GRWG
2019-05-08,3.2200000286102295,3.240000009536743,3.049999952316284,3.119999885559082,3.119999885559082,138700,GRWG
2019-05-09,3.1600000858306885,3.2300000190734863,3.0,3.0299999713897705,3.0299999713897705,153900,GRWG
2019-05-10,3.0399999618530273,3.0899999141693115,2.9079999923706055,3.0250000953674316,3.0250000953674316,48400,GRWG
2019-05-13,3.0399999618530273,3.200000047683716,2.8499999046325684,3.069999933242798,3.069999933242798,65400,GRWG
2019-05-14,3.109999895095825,3.2200000286102295,3.0399999618530273,3.200000047683716,3.200000047683716,201200,GRWG
2019-05-15,3.240000009536743,3.390000104904175,3.069999933242798,3.359999895095825,3.359999895095825,251400,GRWG
2019-05-16,3.490000009536743,3.740000009536743,3.380000114440918,3.559999942779541,3.559999942779541,419900,GRWG
2019-05-17,3.5799999237060547,3.5950000286102295,3.299999952316284,3.4200000762939453,3.4200000762939453,186800,GRWG
2019-05-20,3.369999885559082,3.7899999618530273,3.369999885559082,3.6500000953674316,3.6500000953674316,272600,GRWG
2019-05-21,3.700000047683716,3.7300000190734863,3.3499999046325684,3.390000104904175,3.390000104904175,221400,GRWG
2019-05-22,3.450000047683716,3.450000047683716,3.3299999237060547,3.380000114440918,3.380000114440918,113900,GRWG
2019-05-23,3.359999895095825,3.369999885559082,3.299999952316284,3.309999942779541,3.309999942779541,110200,GRWG
2019-05-24,3.319999933242798,3.380000114440918,3.25,3.299999952316284,3.299999952316284,71300,GRWG
2019-05-28,3.319999933242798,3.319999933242798,3.059999942779541,3.1600000858306885,3.1600000858306885,135100,GRWG
2019-05-29,3.1500000953674316,3.2200000286102295,3.0999999046325684,3.1700000762939453,3.1700000762939453,98100,GRWG
2019-05-30,3.109999895095825,3.3299999237060547,3.109999895095825,3.25,3.25,85400,GRWG
2019-05-31,3.259999990463257,3.2699999809265137,3.0399999618530273,3.059999942779541,3.059999942779541,168400,GRWG
2019-06-03,3.049999952316284,3.1500000953674316,3.0,3.0299999713897705,3.0299999713897705,155700,GRWG
2019-06-04,3.069999933242798,3.140000104904175,3.0,3.055000066757202,3.055000066757202,104400,GRWG
2019-06-05,3.0999999046325684,3.1600000858306885,2.990000009536743,3.0899999141693115,3.0899999141693115,62500,GRWG
2019-06-06,3.0999999046325684,3.180000066757202,2.9600000381469727,3.049999952316284,3.049999952316284,46100,GRWG
2019-06-07,3.069999933242798,3.1700000762939453,3.0,3.049999952316284,3.049999952316284,27100,GRWG
2019-06-10,3.009999990463257,3.1500000953674316,3.0,3.0799999237060547,3.0799999237060547,59100,GRWG
2019-06-11,3.0,3.0899999141693115,3.0,3.0899999141693115,3.0899999141693115,27900,GRWG
2019-06-12,3.059999942779541,3.130000114440918,2.990000009536743,3.0899999141693115,3.0899999141693115,38200,GRWG
2019-06-13,3.0399999618530273,3.0999999046325684,3.009999990463257,3.059999942779541,3.059999942779541,28200,GRWG
2019-06-14,3.0,3.049999952316284,2.950000047683716,3.0199999809265137,3.0199999809265137,52700,GRWG
2019-06-17,2.9000000953674316,3.130000114440918,2.9000000953674316,3.0999999046325684,3.0999999046325684,12800,GRWG
2019-06-18,3.109999895095825,3.180000066757202,3.0799999237060547,3.119999885559082,3.119999885559082,37200,GRWG
2019-06-19,3.119999885559082,3.1600000858306885,3.0999999046325684,3.0999999046325684,3.0999999046325684,67000,GRWG
2019-06-20,3.1600000858306885,3.1600000858306885,3.0299999713897705,3.059999942779541,3.059999942779541,31800,GRWG
2019-06-21,3.049999952316284,3.0899999141693115,2.950000047683716,3.059999942779541,3.059999942779541,80000,GRWG
2019-06-24,3.009999990463257,3.0999999046325684,3.0,3.009999990463257,3.009999990463257,38100,GRWG
2019-06-25,3.0,3.1700000762939453,2.990000009536743,3.0399999618530273,3.0399999618530273,44500,GRWG
2019-06-26,3.059999942779541,3.309999942779541,3.0450000762939453,3.259999990463257,3.259999990463257,109800,GRWG
2019-06-27,3.259999990463257,3.3499999046325684,3.240000009536743,3.319999933242798,3.319999933242798,76200,GRWG
2019-06-28,3.1600000858306885,3.309999942779541,3.1600000858306885,3.299999952316284,3.299999952316284,50600,GRWG
2019-07-01,3.2850000858306885,3.4000000953674316,3.25,3.369999885559082,3.369999885559082,44000,GRWG
2019-07-02,3.369999885559082,3.440000057220459,3.299999952316284,3.380000114440918,3.380000114440918,51300,GRWG
2019-07-03,3.369999885559082,3.375,3.319999933242798,3.359999895095825,3.359999895095825,19900,GRWG
2019-07-05,3.359999895095825,3.359999895095825,3.0999999046325684,3.180000066757202,3.180000066757202,103100,GRWG
2019-07-08,3.180000066757202,3.2899999618530273,3.109999895095825,3.130000114440918,3.130000114440918,91800,GRWG
2019-07-09,3.140000104904175,3.140000104904175,3.109999895095825,3.119999885559082,3.119999885559082,56700,GRWG
2019-07-10,3.2100000381469727,3.5899999141693115,3.200000047683716,3.390000104904175,3.390000104904175,416900,GRWG
2019-07-11,3.430000066757202,3.549999952316284,3.4000000953674316,3.490000009536743,3.490000009536743,206300,GRWG
2019-07-12,3.490000009536743,3.490000009536743,3.299999952316284,3.3499999046325684,3.3499999046325684,183500,GRWG
2019-07-15,3.390000104904175,3.5,3.3299999237060547,3.5,3.5,81000,GRWG
2019-07-16,3.490000009536743,3.5,3.3499999046325684,3.4000000953674316,3.4000000953674316,99600,GRWG
2019-07-17,3.4000000953674316,3.7100000381469727,3.2699999809265137,3.7100000381469727,3.7100000381469727,304000,GRWG
2019-07-18,3.619999885559082,4.010000228881836,3.569999933242798,3.950000047683716,3.950000047683716,304400,GRWG
2019-07-19,3.9800000190734863,4.239999771118164,3.8499999046325684,4.139999866485596,4.139999866485596,454300,GRWG
2019-07-22,4.269999980926514,4.269999980926514,3.8499999046325684,4.03000020980835,4.03000020980835,349600,GRWG
2019-07-23,4.010000228881836,4.010000228881836,3.700000047683716,3.950000047683716,3.950000047683716,229300,GRWG
2019-07-24,3.880000114440918,4.110000133514404,3.75,4.110000133514404,4.110000133514404,115600,GRWG
2019-07-25,4.119999885559082,4.369999885559082,3.950000047683716,4.360000133514404,4.360000133514404,169900,GRWG
2019-07-26,4.150000095367432,4.5980000495910645,4.03000020980835,4.480000019073486,4.480000019073486,293900,GRWG
2019-07-29,4.539999961853027,4.679999828338623,4.150000095367432,4.230000019073486,4.230000019073486,156200,GRWG
2019-07-30,4.349999904632568,4.498000144958496,4.150000095367432,4.21999979019165,4.21999979019165,154500,GRWG
2019-07-31,4.25,4.539999961853027,4.21999979019165,4.449999809265137,4.449999809265137,124900,GRWG
2019-08-01,4.510000228881836,4.670000076293945,4.429999828338623,4.489999771118164,4.489999771118164,226100,GRWG
2019-08-02,4.489999771118164,4.550000190734863,4.260000228881836,4.519999980926514,4.519999980926514,117300,GRWG
2019-08-05,4.429999828338623,4.550000190734863,4.3480000495910645,4.409999847412109,4.409999847412109,83700,GRWG
2019-08-06,4.414999961853027,4.784999847412109,4.414999961853027,4.730000019073486,4.730000019073486,317700,GRWG
2019-08-07,4.704999923706055,4.820000171661377,4.5,4.650000095367432,4.650000095367432,197500,GRWG
2019-08-08,4.800000190734863,4.980000019073486,4.635000228881836,4.900000095367432,4.900000095367432,349200,GRWG
2019-08-09,4.940000057220459,5.110000133514404,4.860000133514404,5.099999904632568,5.099999904632568,350300,GRWG
2019-08-12,5.059999942779541,5.199999809265137,4.71999979019165,4.929999828338623,4.929999828338623,307500,GRWG
2019-08-13,4.929999828338623,5.0,4.809999942779541,4.949999809265137,4.949999809265137,113400,GRWG
2019-08-14,4.954999923706055,5.0,4.610000133514404,4.71999979019165,4.71999979019165,195300,GRWG
2019-08-15,4.599999904632568,4.800000190734863,4.599999904632568,4.739999771118164,4.739999771118164,141400,GRWG
2019-08-16,4.699999809265137,4.71999979019165,4.5,4.579999923706055,4.579999923706055,225900,GRWG
2019-08-19,4.539999961853027,4.619999885559082,4.449999809265137,4.599999904632568,4.599999904632568,213100,GRWG
2019-08-20,4.510000228881836,4.619999885559082,4.46999979019165,4.545000076293945,4.545000076293945,139900,GRWG
2019-08-21,4.5,4.760000228881836,4.400000095367432,4.71999979019165,4.71999979019165,70500,GRWG
2019-08-22,4.849999904632568,4.940000057220459,4.679999828338623,4.829999923706055,4.829999923706055,137600,GRWG
2019-08-23,4.760000228881836,5.199999809265137,4.71999979019165,5.03000020980835,5.03000020980835,366500,GRWG
2019-08-26,5.0,5.369999885559082,4.949999809265137,5.329999923706055,5.329999923706055,230500,GRWG
2019-08-27,5.340000152587891,5.5,5.099999904632568,5.150000095367432,5.150000095367432,270800,GRWG
2019-08-28,5.170000076293945,5.289999961853027,5.150000095367432,5.28000020980835,5.28000020980835,66200,GRWG
2019-08-29,5.309999942779541,5.409999847412109,5.275000095367432,5.353000164031982,5.353000164031982,100800,GRWG
2019-08-30,5.360000133514404,5.449999809265137,5.300000190734863,5.420000076293945,5.420000076293945,88200,GRWG
2019-09-03,5.420000076293945,5.75,5.409999847412109,5.679999828338623,5.679999828338623,275600,GRWG
2019-09-04,5.699999809265137,5.699999809265137,5.179999828338623,5.46999979019165,5.46999979019165,172700,GRWG
2019-09-05,5.46999979019165,5.46999979019165,5.144999980926514,5.230000019073486,5.230000019073486,100800,GRWG
2019-09-06,5.199999809265137,5.400000095367432,5.110000133514404,5.199999809265137,5.199999809265137,69300,GRWG
2019-09-09,5.199999809265137,5.199999809265137,4.809999942779541,4.940000057220459,4.940000057220459,152000,GRWG
2019-09-10,4.900000095367432,5.139999866485596,4.800000190734863,5.090000152587891,5.090000152587891,77900,GRWG
2019-09-11,5.099999904632568,5.150000095367432,5.0,5.099999904632568,5.099999904632568,59000,GRWG
2019-09-12,5.099999904632568,5.099999904632568,4.96999979019165,5.0,5.0,37200,GRWG
2019-09-13,4.989999771118164,5.25,4.989999771118164,5.050000190734863,5.050000190734863,77500,GRWG
2019-09-16,5.050000190734863,5.130000114440918,4.949999809265137,5.0,5.0,55500,GRWG
2019-09-17,5.03000020980835,5.03000020980835,4.96999979019165,4.96999979019165,4.96999979019165,34400,GRWG
2019-09-18,5.050000190734863,5.099999904632568,4.96999979019165,5.099999904632568,5.099999904632568,90300,GRWG
2019-09-19,5.0,5.150000095367432,5.0,5.090000152587891,5.090000152587891,67000,GRWG
2019-09-20,5.090000152587891,5.090000152587891,4.769999980926514,4.949999809265137,4.949999809265137,148800,GRWG
2019-09-23,4.949999809265137,5.010000228881836,4.900000095367432,4.900000095367432,4.900000095367432,82800,GRWG
2019-09-24,4.900000095367432,4.900000095367432,4.539999961853027,4.619999885559082,4.619999885559082,235600,GRWG
2019-09-25,4.519999980926514,4.659999847412109,4.199999809265137,4.329999923706055,4.329999923706055,219700,GRWG
2019-09-26,4.349999904632568,4.5,4.130000114440918,4.199999809265137,4.199999809265137,75800,GRWG
2019-09-27,4.170000076293945,4.380000114440918,4.170000076293945,4.380000114440918,4.380000114440918,65900,GRWG
2019-09-30,4.389999866485596,4.394999980926514,4.119999885559082,4.25,4.25,120600,GRWG
2019-10-01,4.300000190734863,4.340000152587891,4.199999809265137,4.309999942779541,4.309999942779541,36900,GRWG
2019-10-02,4.210000038146973,4.289999961853027,3.819999933242798,4.179999828338623,4.179999828338623,214300,GRWG
2019-10-03,4.119999885559082,4.150000095367432,3.859999895095825,4.050000190734863,4.050000190734863,59700,GRWG
2019-10-04,4.050000190734863,4.150000095367432,4.050000190734863,4.099999904632568,4.099999904632568,55700,GRWG
2019-10-07,4.0,4.159999847412109,3.8499999046325684,3.994999885559082,3.994999885559082,67800,GRWG
2019-10-08,3.950000047683716,4.0,3.819999933242798,3.9000000953674316,3.9000000953674316,73900,GRWG
2019-10-09,3.890000104904175,3.940000057220459,3.7699999809265137,3.8499999046325684,3.8499999046325684,63600,GRWG
2019-10-10,3.880000114440918,3.940000057220459,3.5299999713897705,3.5899999141693115,3.5899999141693115,180800,GRWG
2019-10-11,3.509999990463257,3.799999952316284,3.509999990463257,3.75,3.75,169000,GRWG
2019-10-14,3.799999952316284,3.799999952316284,3.450000047683716,3.5199999809265137,3.5199999809265137,140200,GRWG
2019-10-15,3.5,4.0,3.4600000381469727,3.940000057220459,3.940000057220459,87400,GRWG
2019-10-16,3.950000047683716,3.9800000190734863,3.746999979019165,3.8399999141693115,3.8399999141693115,91400,GRWG
2019-10-17,3.825000047683716,4.150000095367432,3.75,3.9700000286102295,3.9700000286102295,191200,GRWG
2019-10-18,3.9700000286102295,4.070000171661377,3.930000066757202,4.0,4.0,55700,GRWG
2019-10-21,3.869999885559082,3.9700000286102295,3.869999885559082,3.950000047683716,3.950000047683716,36900,GRWG
2019-10-22,3.9100000858306885,4.050000190734863,3.9000000953674316,3.9700000286102295,3.9700000286102295,33300,GRWG
2019-10-23,4.0,4.0,3.8499999046325684,3.9000000953674316,3.9000000953674316,29800,GRWG
2019-10-24,3.9200000762939453,3.950000047683716,3.799999952316284,3.8499999046325684,3.8499999046325684,56000,GRWG
2019-10-25,3.809999942779541,3.9000000953674316,3.7899999618530273,3.859999895095825,3.859999895095825,14800,GRWG
2019-10-28,3.869999885559082,4.269999980926514,3.799999952316284,4.210000038146973,4.210000038146973,64700,GRWG
2019-10-29,4.349999904632568,4.349999904632568,4.099999904632568,4.130000114440918,4.130000114440918,53000,GRWG
2019-10-30,4.130000114440918,4.130000114440918,3.9800000190734863,4.039999961853027,4.039999961853027,77100,GRWG
2019-10-31,4.0,4.099999904632568,3.9800000190734863,4.050000190734863,4.050000190734863,40300,GRWG
2019-11-01,3.950000047683716,4.179999828338623,3.9000000953674316,4.179999828338623,4.179999828338623,131900,GRWG
2019-11-04,4.300000190734863,4.300000190734863,4.110000133514404,4.150000095367432,4.150000095367432,30500,GRWG
2019-11-05,4.150000095367432,4.269999980926514,4.090000152587891,4.159999847412109,4.159999847412109,73800,GRWG
2019-11-06,4.159999847412109,4.159999847412109,4.0,4.119999885559082,4.119999885559082,51500,GRWG
2019-11-07,4.110000133514404,4.489999771118164,4.070000171661377,4.420000076293945,4.420000076293945,174300,GRWG
2019-11-08,4.489999771118164,4.849999904632568,4.409999847412109,4.769999980926514,4.769999980926514,183500,GRWG
2019-11-11,4.889999866485596,5.099999904632568,4.28000020980835,4.599999904632568,4.599999904632568,275000,GRWG
2019-11-12,4.619999885559082,4.619999885559082,4.300000190734863,4.429999828338623,4.429999828338623,72400,GRWG
2019-11-13,4.409999847412109,4.429999828338623,4.090000152587891,4.179999828338623,4.179999828338623,180700,GRWG
2019-11-14,4.199999809265137,4.199999809265137,3.7799999713897705,3.809999942779541,3.809999942779541,337200,GRWG
2019-11-15,3.809999942779541,4.090000152587891,3.7899999618530273,4.059999942779541,4.059999942779541,90300,GRWG
2019-11-18,4.099999904632568,4.25,3.950000047683716,4.019999980926514,4.019999980926514,79700,GRWG
2019-11-19,3.9000000953674316,3.950000047683716,3.7799999713897705,3.880000114440918,3.880000114440918,79200,GRWG
2019-11-20,3.819999933242798,4.119999885559082,3.809999942779541,4.019999980926514,4.019999980926514,116500,GRWG
2019-11-21,4.059999942779541,4.25,4.019999980926514,4.224999904632568,4.224999904632568,179900,GRWG
2019-11-22,4.21999979019165,4.300000190734863,4.119999885559082,4.252999782562256,4.252999782562256,133200,GRWG
2019-11-25,4.269999980926514,5.059999942779541,4.070000171661377,4.5,4.5,821700,GRWG
2019-11-26,4.550000190734863,4.789999961853027,4.460000038146973,4.730000019073486,4.730000019073486,180900,GRWG
2019-11-27,4.630000114440918,4.820000171661377,4.53000020980835,4.690000057220459,4.690000057220459,110800,GRWG
2019-11-29,4.710000038146973,4.880000114440918,4.699999809265137,4.849999904632568,4.849999904632568,80700,GRWG
2019-12-02,4.900000095367432,4.949999809265137,4.25,4.3470001220703125,4.3470001220703125,175100,GRWG
2019-12-03,4.25,4.28000020980835,3.819999933242798,4.010000228881836,4.010000228881836,335100,GRWG
2019-12-04,3.930000066757202,4.179999828338623,3.9200000762939453,4.065000057220459,4.065000057220459,78900,GRWG
2019-12-05,4.059999942779541,4.099999904632568,3.9100000858306885,3.9200000762939453,3.9200000762939453,148300,GRWG
2019-12-06,3.9700000286102295,4.138999938964844,3.9000000953674316,4.010000228881836,4.010000228881836,44200,GRWG
2019-12-09,4.019999980926514,4.052999973297119,4.0,4.03000020980835,4.03000020980835,102100,GRWG
2019-12-10,3.9000000953674316,4.46999979019165,3.9000000953674316,4.380000114440918,4.380000114440918,260700,GRWG
2019-12-11,4.510000228881836,4.679999828338623,4.420000076293945,4.581999778747559,4.581999778747559,334600,GRWG
2019-12-12,4.699999809265137,4.699999809265137,4.360000133514404,4.489999771118164,4.489999771118164,204900,GRWG
2019-12-13,4.579999923706055,4.579999923706055,4.309999942779541,4.389999866485596,4.389999866485596,77000,GRWG
2019-12-16,4.429999828338623,4.519999980926514,4.300000190734863,4.320000171661377,4.320000171661377,92800,GRWG
2019-12-17,4.320000171661377,4.40500020980835,4.269999980926514,4.309999942779541,4.309999942779541,207600,GRWG
2019-12-18,4.380000114440918,4.380000114440918,4.300000190734863,4.320000171661377,4.320000171661377,179300,GRWG
2019-12-19,4.369999885559082,4.369999885559082,4.159999847412109,4.340000152587891,4.340000152587891,149900,GRWG
2019-12-20,4.349999904632568,4.429999828338623,4.230000019073486,4.260000228881836,4.260000228881836,197500,GRWG
2019-12-23,4.329999923706055,4.34499979019165,3.9200000762939453,4.289999961853027,4.289999961853027,419300,GRWG
2019-12-24,4.300000190734863,4.38100004196167,4.135000228881836,4.269999980926514,4.269999980926514,48700,GRWG
2019-12-26,4.25,4.300000190734863,4.150000095367432,4.289999961853027,4.289999961853027,54500,GRWG
2019-12-27,4.269999980926514,4.269999980926514,4.150000095367432,4.230000019073486,4.230000019073486,49700,GRWG
2019-12-30,4.239999771118164,4.340000152587891,3.930000066757202,4.130000114440918,4.130000114440918,260900,GRWG
2019-12-31,4.150000095367432,4.340000152587891,4.09499979019165,4.099999904632568,4.099999904632568,167600,GRWG
2020-01-02,4.150000095367432,4.309999942779541,4.110000133514404,4.210000038146973,4.210000038146973,106000,GRWG
2020-01-03,4.210000038146973,4.288000106811523,4.119999885559082,4.239999771118164,4.239999771118164,68300,GRWG
2020-01-06,4.25,4.25,4.119999885559082,4.150000095367432,4.150000095367432,56900,GRWG
2020-01-07,4.130000114440918,4.130000114440918,3.950000047683716,4.019999980926514,4.019999980926514,116400,GRWG
2020-01-08,4.010000228881836,4.480000019073486,3.930000066757202,4.289999961853027,4.289999961853027,684300,GRWG
2020-01-09,4.409999847412109,4.730000019073486,4.329999923706055,4.380000114440918,4.380000114440918,346800,GRWG
2020-01-10,4.400000095367432,4.440000057220459,4.079999923706055,4.360000133514404,4.360000133514404,441400,GRWG
2020-01-13,4.440000057220459,4.5,4.25,4.440000057220459,4.440000057220459,279400,GRWG
2020-01-14,4.46999979019165,4.639999866485596,4.449999809265137,4.619999885559082,4.619999885559082,337700,GRWG
2020-01-15,4.679999828338623,4.960000038146973,4.650000095367432,4.909999847412109,4.909999847412109,653600,GRWG
2020-01-16,4.989999771118164,4.989999771118164,4.559999942779541,4.610000133514404,4.610000133514404,337600,GRWG
2020-01-17,4.650000095367432,4.739999771118164,4.5,4.619999885559082,4.619999885559082,202400,GRWG
2020-01-21,4.619999885559082,4.75,4.519999980926514,4.539999961853027,4.539999961853027,113500,GRWG
2020-01-22,4.510000228881836,4.71999979019165,4.436999797821045,4.699999809265137,4.699999809265137,178800,GRWG
2020-01-23,4.590000152587891,4.650000095367432,4.199999809265137,4.369999885559082,4.369999885559082,421600,GRWG
2020-01-24,4.340000152587891,4.4079999923706055,4.199999809265137,4.25,4.25,202100,GRWG
2020-01-27,4.25,4.590000152587891,4.199999809265137,4.559999942779541,4.559999942779541,220200,GRWG
2020-01-28,4.579999923706055,4.670000076293945,4.559999942779541,4.630000114440918,4.630000114440918,182000,GRWG
2020-01-29,4.650000095367432,5.050000190734863,4.650000095367432,4.920000076293945,4.920000076293945,644000,GRWG
2020-01-30,4.920000076293945,5.300000190734863,4.801000118255615,5.03000020980835,5.03000020980835,638600,GRWG
2020-01-31,5.039999961853027,5.09499979019165,4.599999904632568,4.760000228881836,4.760000228881836,334600,GRWG
2020-02-03,4.809999942779541,5.110000133514404,4.809999942779541,4.949999809265137,4.949999809265137,291200,GRWG
2020-02-04,4.989999771118164,5.008999824523926,4.78000020980835,4.860000133514404,4.860000133514404,153800,GRWG
2020-02-05,4.869999885559082,5.050000190734863,4.869999885559082,4.940000057220459,4.940000057220459,266200,GRWG
2020-02-06,4.949999809265137,5.308000087738037,4.934999942779541,5.239999771118164,5.239999771118164,443600,GRWG
2020-02-07,5.28000020980835,6.050000190734863,5.25,5.949999809265137,5.949999809265137,1030000,GRWG
2020-02-10,6.050000190734863,6.599999904632568,5.679999828338623,5.730000019073486,5.730000019073486,1429700,GRWG
2020-02-11,5.75,6.050000190734863,5.699999809265137,5.889999866485596,5.889999866485596,626300,GRWG
2020-02-12,5.909999847412109,5.949999809265137,5.360000133514404,5.849999904632568,5.849999904632568,784600,GRWG
2020-02-13,5.789999961853027,5.849999904632568,5.539999961853027,5.75,5.75,449100,GRWG
2020-02-14,6.019999980926514,6.380000114440918,5.869999885559082,6.340000152587891,6.340000152587891,1552100,GRWG
2020-02-18,6.46999979019165,6.78000020980835,6.059999942779541,6.269999980926514,6.269999980926514,1074800,GRWG
2020-02-19,6.269999980926514,6.699999809265137,6.269999980926514,6.539999961853027,6.539999961853027,526100,GRWG
2020-02-20,6.579999923706055,6.599999904632568,6.199999809265137,6.409999847412109,6.409999847412109,423900,GRWG
2020-02-21,6.449999809265137,6.5,6.019999980926514,6.21999979019165,6.21999979019165,326900,GRWG
2020-02-24,6.010000228881836,6.010000228881836,5.329999923706055,5.46999979019165,5.46999979019165,1008000,GRWG
2020-02-25,5.510000228881836,5.71999979019165,5.0,5.190000057220459,5.190000057220459,762300,GRWG
2020-02-26,5.130000114440918,5.53000020980835,5.050000190734863,5.340000152587891,5.340000152587891,547300,GRWG
2020-02-27,5.260000228881836,5.300000190734863,4.909999847412109,4.960000038146973,4.960000038146973,701300,GRWG
2020-02-28,4.789999961853027,5.559999942779541,4.599999904632568,5.53000020980835,5.53000020980835,932600,GRWG
2020-03-02,5.340000152587891,5.519999980926514,5.074999809265137,5.420000076293945,5.420000076293945,393900,GRWG
2020-03-03,5.449999809265137,5.599999904632568,5.28000020980835,5.429999828338623,5.429999828338623,272900,GRWG
2020-03-04,5.5,5.6479997634887695,5.289999961853027,5.289999961853027,5.289999961853027,253500,GRWG
2020-03-05,5.269999980926514,5.269999980926514,4.800000190734863,4.800000190734863,4.800000190734863,371300,GRWG
2020-03-06,4.699999809265137,4.889999866485596,4.599999904632568,4.710000038146973,4.710000038146973,400600,GRWG
2020-03-09,4.5,4.5,3.9000000953674316,3.9200000762939453,3.9200000762939453,673100,GRWG
2020-03-10,4.159999847412109,4.429999828338623,3.930000066757202,4.389999866485596,4.389999866485596,393800,GRWG
2020-03-11,4.300000190734863,4.349999904632568,3.680000066757202,3.890000104904175,3.890000104904175,529400,GRWG
2020-03-12,3.5,3.7200000286102295,2.7899999618530273,3.630000114440918,3.630000114440918,902900,GRWG
2020-03-13,3.799999952316284,3.9639999866485596,3.049999952316284,3.630000114440918,3.630000114440918,573600,GRWG
2020-03-16,3.109999895095825,3.1500000953674316,2.619999885559082,2.940000057220459,2.940000057220459,866900,GRWG
2020-03-17,2.9600000381469727,3.319999933242798,2.799999952316284,3.180000066757202,3.180000066757202,378600,GRWG
2020-03-18,3.0,3.049999952316284,2.75,2.869999885559082,2.869999885559082,671600,GRWG
2020-03-19,2.809999942779541,3.1500000953674316,2.799999952316284,3.0,3.0,625800,GRWG
2020-03-20,3.0899999141693115,3.4000000953674316,2.9600000381469727,3.009999990463257,3.009999990463257,503300,GRWG
2020-03-23,3.049999952316284,3.299999952316284,2.8499999046325684,3.240000009536743,3.240000009536743,401000,GRWG
2020-03-24,3.4700000286102295,3.680000066757202,3.4000000953674316,3.5799999237060547,3.5799999237060547,378500,GRWG
2020-03-25,3.6700000762939453,3.8499999046325684,3.4100000858306885,3.809999942779541,3.809999942779541,474500,GRWG
2020-03-26,3.890000104904175,4.590000152587891,3.6700000762939453,4.400000095367432,4.400000095367432,741000,GRWG
2020-03-27,4.400000095367432,4.670000076293945,4.0,4.349999904632568,4.349999904632568,814100,GRWG
2020-03-30,4.170000076293945,4.190000057220459,3.799999952316284,4.0,4.0,461200,GRWG
2020-03-31,3.9600000381469727,3.990000009536743,3.799999952316284,3.809999942779541,3.809999942779541,277700,GRWG
2020-04-01,3.7100000381469727,3.759999990463257,3.319999933242798,3.359999895095825,3.359999895095825,381200,GRWG
2020-04-02,3.3399999141693115,3.4600000381469727,3.313999891281128,3.359999895095825,3.359999895095825,205900,GRWG
2020-04-03,3.3499999046325684,3.4100000858306885,3.059999942779541,3.200000047683716,3.200000047683716,298500,GRWG
2020-04-06,3.309999942779541,3.430000066757202,3.255000114440918,3.359999895095825,3.359999895095825,287300,GRWG
2020-04-07,3.4700000286102295,3.5199999809265137,3.2209999561309814,3.3399999141693115,3.3399999141693115,559100,GRWG
2020-04-08,3.4000000953674316,3.75,3.257999897003174,3.7100000381469727,3.7100000381469727,639800,GRWG
2020-04-09,3.7200000286102295,3.815000057220459,3.5999999046325684,3.7799999713897705,3.7799999713897705,216800,GRWG
2020-04-13,3.809999942779541,4.170000076293945,3.569999933242798,4.150000095367432,4.150000095367432,247700,GRWG
2020-04-14,4.320000171661377,4.369999885559082,4.210000038146973,4.309999942779541,4.309999942779541,211600,GRWG
2020-04-15,4.110000133514404,4.28000020980835,3.9000000953674316,4.239999771118164,4.239999771118164,241900,GRWG
2020-04-16,4.21999979019165,4.349999904632568,4.0,4.25,4.25,157800,GRWG
2020-04-17,4.400000095367432,4.400000095367432,4.110000133514404,4.210000038146973,4.210000038146973,187700,GRWG
2020-04-20,4.170000076293945,4.460000038146973,4.119999885559082,4.239999771118164,4.239999771118164,239600,GRWG
2020-04-21,4.25,4.329999923706055,4.0,4.179999828338623,4.179999828338623,314200,GRWG
2020-04-22,4.21999979019165,4.289000034332275,4.10099983215332,4.179999828338623,4.179999828338623,122100,GRWG
2020-04-23,4.210000038146973,4.239999771118164,4.059999942779541,4.150000095367432,4.150000095367432,82700,GRWG
2020-04-24,4.159999847412109,4.400000095367432,4.070000171661377,4.349999904632568,4.349999904632568,208700,GRWG
2020-04-27,4.400000095367432,4.840000152587891,4.38700008392334,4.570000171661377,4.570000171661377,449500,GRWG
2020-04-28,4.639999866485596,4.699999809265137,4.460000038146973,4.630000114440918,4.630000114440918,254600,GRWG
2020-04-29,4.75,4.889999866485596,4.650000095367432,4.789999961853027,4.789999961853027,290100,GRWG
2020-04-30,4.800000190734863,4.849999904632568,4.545000076293945,4.699999809265137,4.699999809265137,269200,GRWG
2020-05-01,4.539999961853027,4.659999847412109,4.335000038146973,4.559999942779541,4.559999942779541,254000,GRWG
2020-05-04,4.559999942779541,4.864999771118164,4.559999942779541,4.809999942779541,4.809999942779541,283600,GRWG
2020-05-05,4.880000114440918,5.139999866485596,4.860000133514404,4.900000095367432,4.900000095367432,402100,GRWG
2020-05-06,4.96999979019165,5.070000171661377,4.46999979019165,4.559999942779541,4.559999942779541,344900,GRWG
2020-05-07,4.599999904632568,4.809999942779541,4.460000038146973,4.570000171661377,4.570000171661377,231000,GRWG
2020-05-08,4.71999979019165,4.900000095367432,4.559999942779541,4.820000171661377,4.820000171661377,325200,GRWG
2020-05-11,4.820000171661377,5.050000190734863,4.670000076293945,5.019999980926514,5.019999980926514,317800,GRWG
2020-05-12,5.0,5.130000114440918,4.550000190734863,4.630000114440918,4.630000114440918,506400,GRWG
2020-05-13,4.75,4.880000114440918,4.53000020980835,4.670000076293945,4.670000076293945,450800,GRWG
2020-05-14,4.809999942779541,5.489999771118164,4.53000020980835,5.449999809265137,5.449999809265137,1304000,GRWG
2020-05-15,5.349999904632568,5.480000019073486,5.119999885559082,5.360000133514404,5.360000133514404,582200,GRWG
2020-05-18,5.570000171661377,5.789999961853027,5.420000076293945,5.550000190734863,5.550000190734863,549900,GRWG
2020-05-19,5.599999904632568,5.96999979019165,5.510000228881836,5.920000076293945,5.920000076293945,439400,GRWG
2020-05-20,6.0,6.0,5.75,5.909999847412109,5.909999847412109,491800,GRWG
2020-05-21,5.909999847412109,6.039999961853027,5.800000190734863,6.0,6.0,453800,GRWG
2020-05-22,6.110000133514404,6.769999980926514,5.880000114440918,6.659999847412109,6.659999847412109,1698900,GRWG
2020-05-26,6.880000114440918,6.96999979019165,6.019999980926514,6.429999828338623,6.429999828338623,972100,GRWG
2020-05-27,6.489999771118164,6.940000057220459,6.210000038146973,6.829999923706055,6.829999923706055,922200,GRWG
2020-05-28,6.920000076293945,6.920000076293945,6.46999979019165,6.5,6.5,526000,GRWG
2020-05-29,6.5,6.710000038146973,6.309999942779541,6.610000133514404,6.610000133514404,581700,GRWG
2020-06-01,6.53000020980835,6.839000225067139,6.511000156402588,6.75,6.75,314300,GRWG
2020-06-02,6.800000190734863,7.369999885559082,6.760000228881836,7.230000019073486,7.230000019073486,1549400,GRWG
2020-06-03,7.25,7.269999980926514,6.659999847412109,6.679999828338623,6.679999828338623,666300,GRWG
2020-06-04,6.679999828338623,7.159999847412109,6.650000095367432,6.800000190734863,6.800000190734863,579900,GRWG
2020-06-05,6.980000019073486,7.070000171661377,6.659999847412109,6.730000019073486,6.730000019073486,406000,GRWG
2020-06-08,6.920000076293945,7.539999961853027,6.820000171661377,7.110000133514404,7.110000133514404,1119400,GRWG
2020-06-09,7.150000095367432,7.821000099182129,6.909999847412109,7.710000038146973,7.710000038146973,888800,GRWG
2020-06-10,7.369999885559082,7.718999862670898,7.300000190734863,7.579999923706055,7.579999923706055,766400,GRWG
2020-06-11,7.150000095367432,7.230000019073486,6.260000228881836,6.579999923706055,6.579999923706055,1720700,GRWG
2020-06-12,6.840000152587891,7.090000152587891,6.369999885559082,6.559999942779541,6.559999942779541,608000,GRWG
2020-06-15,6.380000114440918,7.0,6.010000228881836,6.619999885559082,6.619999885559082,1204100,GRWG
2020-06-16,6.869999885559082,6.929999828338623,6.619999885559082,6.679999828338623,6.679999828338623,594800,GRWG
2020-06-17,6.769999980926514,6.855000019073486,6.420000076293945,6.539999961853027,6.539999961853027,793800,GRWG
2020-06-18,6.550000190734863,7.489999771118164,6.550000190734863,7.400000095367432,7.400000095367432,1172700,GRWG
2020-06-19,7.5,7.630000114440918,7.050000190734863,7.309999942779541,7.309999942779541,2187700,GRWG
2020-06-22,7.309999942779541,7.320000171661377,6.960000038146973,7.099999904632568,7.099999904632568,1622300,GRWG
2020-06-23,7.170000076293945,7.329999923706055,6.909999847412109,7.019999980926514,7.019999980926514,903200,GRWG
2020-06-24,6.800000190734863,7.210000038146973,6.590000152587891,7.0,7.0,1863700,GRWG
2020-06-25,6.75,7.360000133514404,6.690000057220459,7.059999942779541,7.059999942779541,644200,GRWG
2020-06-26,7.0,7.0,6.329999923706055,6.53000020980835,6.53000020980835,4269800,GRWG
2020-06-29,6.550000190734863,6.599999904632568,6.010000228881836,6.059999942779541,6.059999942779541,1681700,GRWG
2020-06-30,6.03000020980835,7.050000190734863,6.03000020980835,6.840000152587891,6.840000152587891,5663100,GRWG
2020-07-01,6.800000190734863,7.050000190734863,6.650000095367432,6.880000114440918,6.880000114440918,961500,GRWG
2020-07-02,7.070000171661377,7.070000171661377,6.659999847412109,6.800000190734863,6.800000190734863,543400,GRWG
2020-07-06,6.889999866485596,7.079999923706055,6.769999980926514,6.949999809265137,6.949999809265137,1019000,GRWG
2020-07-07,6.940000057220459,7.340000152587891,6.829999923706055,6.840000152587891,6.840000152587891,859500,GRWG
2020-07-08,6.889999866485596,6.947000026702881,6.550000190734863,6.869999885559082,6.869999885559082,587300,GRWG
2020-07-09,6.949999809265137,6.960000038146973,6.46999979019165,6.710000038146973,6.710000038146973,693000,GRWG
2020-07-10,6.71999979019165,6.800000190734863,6.46999979019165,6.619999885559082,6.619999885559082,558900,GRWG
2020-07-13,6.769999980926514,7.010000228881836,6.53000020980835,6.829999923706055,6.829999923706055,663000,GRWG
2020-07-14,7.300000190734863,7.599999904632568,6.869999885559082,7.199999809265137,7.199999809265137,1684900,GRWG
2020-07-15,7.349999904632568,7.349999904632568,6.829999923706055,7.230000019073486,7.230000019073486,929700,GRWG
2020-07-16,7.260000228881836,7.480000019073486,7.110000133514404,7.28000020980835,7.28000020980835,1013200,GRWG
2020-07-17,7.360000133514404,7.369999885559082,6.929999828338623,7.199999809265137,7.199999809265137,821200,GRWG
2020-07-20,7.300000190734863,7.71999979019165,7.099999904632568,7.389999866485596,7.389999866485596,1364400,GRWG
2020-07-21,7.5,8.479999542236328,7.400000095367432,7.840000152587891,7.840000152587891,2384800,GRWG
2020-07-22,7.900000095367432,8.069999694824219,7.420000076293945,7.699999809265137,7.699999809265137,1497400,GRWG
2020-07-23,7.739999771118164,7.929999828338623,7.360000133514404,7.550000190734863,7.550000190734863,1849800,GRWG
2020-07-24,7.420000076293945,7.440000057220459,7.03000020980835,7.260000228881836,7.260000228881836,904800,GRWG
2020-07-27,7.239999771118164,7.510000228881836,7.119999885559082,7.320000171661377,7.320000171661377,619900,GRWG
2020-07-28,7.360000133514404,7.739999771118164,7.21999979019165,7.519999980926514,7.519999980926514,829600,GRWG
2020-07-29,7.75,8.770000457763672,7.744999885559082,8.520000457763672,8.520000457763672,1965300,GRWG
2020-07-30,8.5600004196167,8.989999771118164,8.34000015258789,8.670000076293945,8.670000076293945,1203000,GRWG
2020-07-31,8.760000228881836,8.880000114440918,8.170000076293945,8.4399995803833,8.4399995803833,837300,GRWG
2020-08-03,8.5,9.020000457763672,8.479999542236328,8.899999618530273,8.899999618530273,764400,GRWG
2020-08-04,8.859999656677246,9.15999984741211,8.850000381469727,9.114999771118164,9.114999771118164,870500,GRWG
2020-08-05,9.149999618530273,9.5,8.925000190734863,9.109999656677246,9.109999656677246,690500,GRWG
2020-08-06,9.15999984741211,9.199999809265137,8.4399995803833,8.6899995803833,8.6899995803833,1219500,GRWG
2020-08-07,8.600000381469727,9.039999961853027,8.5600004196167,9.029999732971191,9.029999732971191,902500,GRWG
2020-08-10,9.170000076293945,9.5,9.100000381469727,9.270000457763672,9.270000457763672,972900,GRWG
2020-08-11,9.350000381469727,9.390000343322754,8.550000190734863,8.609999656677246,8.609999656677246,1015500,GRWG
2020-08-12,8.869999885559082,9.050000190734863,8.550000190734863,8.760000228881836,8.760000228881836,910600,GRWG
2020-08-13,9.880000114440918,12.75,9.630000114440918,12.5,12.5,15860700,GRWG
2020-08-14,12.220000267028809,13.279999732971191,11.260000228881836,13.239999771118164,13.239999771118164,7166500,GRWG
2020-08-17,14.0,16.899999618530273,13.649999618530273,16.15999984741211,16.15999984741211,18175600,GRWG
2020-08-18,18.790000915527344,19.59000015258789,16.440000534057617,17.665000915527344,17.665000915527344,32002900,GRWG
2020-08-19,18.709999084472656,22.8799991607666,18.149999618530273,22.020000457763672,22.020000457763672,45871600,GRWG
2020-08-20,20.200000762939453,21.139999389648438,17.899999618530273,18.239999771118164,18.239999771118164,31344000,GRWG
2020-08-21,16.81999969482422,17.889999389648438,15.550000190734863,17.344999313354492,17.344999313354492,24841000,GRWG
2020-08-24,14.670000076293945,15.229999542236328,13.4399995803833,14.34000015258789,14.34000015258789,22594700,GRWG
2020-08-25,14.390000343322754,16.139999389648438,14.369999885559082,14.920000076293945,14.920000076293945,11349100,GRWG
2020-08-26,14.920000076293945,15.069999694824219,13.300000190734863,14.050000190734863,14.050000190734863,8175900,GRWG
2020-08-27,15.5,16.389999389648438,14.789999961853027,15.0600004196167,15.0600004196167,6525900,GRWG
2020-08-28,16.100000381469727,17.399999618530273,15.300000190734863,16.344999313354492,16.344999313354492,13423300,GRWG
2020-08-31,15.899999618530273,16.239999771118164,15.300000190734863,15.954999923706055,15.954999923706055,4016900,GRWG
2020-09-01,15.869999885559082,16.65999984741211,15.84000015258789,16.040000915527344,16.040000915527344,3468300,GRWG
2020-09-02,16.225000381469727,16.600000381469727,15.270000457763672,15.6899995803833,15.6899995803833,4159500,GRWG
2020-09-03,15.326000213623047,15.449999809265137,13.609999656677246,14.539999961853027,14.539999961853027,4335800,GRWG
2020-09-04,14.390000343322754,14.989999771118164,13.109999656677246,14.244999885559082,14.244999885559082,3043500,GRWG
2020-09-08,13.748000144958496,14.649999618530273,13.5,13.920000076293945,13.920000076293945,2079000,GRWG
2020-09-09,14.050000190734863,15.100000381469727,13.970000267028809,14.619999885559082,14.619999885559082,2427300,GRWG
2020-09-10,15.050000190734863,15.25,14.010000228881836,14.164999961853027,14.164999961853027,2368200,GRWG
2020-09-11,14.199999809265137,14.489999771118164,13.390000343322754,13.699999809265137,13.699999809265137,2090600,GRWG
2020-09-14,14.180000305175781,15.479999542236328,13.8100004196167,14.949999809265137,14.949999809265137,3195400,GRWG
2020-09-15,15.399999618530273,15.850000381469727,15.026000022888184,15.529999732971191,15.529999732971191,3058200,GRWG
2020-09-16,15.739999771118164,17.200000762939453,15.633000373840332,16.375,16.375,5081600,GRWG
2020-09-17,15.5,16.350000381469727,15.210000038146973,15.71500015258789,15.71500015258789,2563800,GRWG
2020-09-18,16.010000228881836,16.489999771118164,15.470000267028809,15.970000267028809,15.970000267028809,3768500,GRWG
2020-09-21,15.399999618530273,17.489999771118164,15.300000190734863,16.649999618530273,16.649999618530273,4037300,GRWG
2020-09-22,17.280000686645508,17.29599952697754,15.800000190734863,16.420000076293945,16.420000076293945,2214600,GRWG
2020-09-23,16.360000610351562,16.68000030517578,14.75,15.180000305175781,15.180000305175781,2608700,GRWG
2020-09-24,14.34000015258789,15.600000381469727,14.25,14.789999961853027,14.789999961853027,2179600,GRWG
2020-09-25,14.649999618530273,15.239999771118164,14.569999694824219,15.0600004196167,15.0600004196167,1323700,GRWG
2020-09-28,15.375,15.4399995803833,14.34000015258789,14.680000305175781,14.680000305175781,2214500,GRWG
2020-09-29,14.800000190734863,16.209999084472656,14.789999961853027,16.020000457763672,16.020000457763672,3828600,GRWG
2020-09-30,16.079999923706055,17.299999237060547,15.430000305175781,15.979999542236328,15.979999542236328,4538300,GRWG
2020-10-01,16.170000076293945,16.170000076293945,15.270000457763672,15.369999885559082,15.369999885559082,2399000,GRWG
2020-10-02,14.8100004196167,15.430000305175781,14.520000457763672,15.180000305175781,15.180000305175781,1935900,GRWG
2020-10-05,15.380000114440918,16.219999313354492,15.25,16.18000030517578,16.18000030517578,2545400,GRWG
2020-10-06,16.25,16.766000747680664,15.550000190734863,16.030000686645508,16.030000686645508,3865900,GRWG
2020-10-07,16.229999542236328,18.350000381469727,16.229999542236328,17.360000610351562,17.360000610351562,8170300,GRWG
2020-10-08,18.010000228881836,18.329999923706055,16.780000686645508,17.889999389648438,17.889999389648438,4137300,GRWG
2020-10-09,18.579999923706055,19.290000915527344,17.729999542236328,18.059999465942383,18.059999465942383,5948100,GRWG
2020-10-12,18.719999313354492,19.34000015258789,17.579999923706055,17.670000076293945,17.670000076293945,3782900,GRWG
2020-10-13,17.520000457763672,18.649999618530273,17.010000228881836,18.40999984741211,18.40999984741211,2551500,GRWG
2020-10-14,18.59000015258789,18.690000534057617,17.100000381469727,17.440000534057617,17.440000534057617,3060300,GRWG
2020-10-15,16.84000015258789,17.75,16.52199935913086,17.31999969482422,17.31999969482422,1593300,GRWG
2020-10-16,17.6200008392334,17.829999923706055,17.239999771118164,17.389999389648438,17.389999389648438,1357300,GRWG
2020-10-19,17.489999771118164,18.68000030517578,17.020000457763672,18.3799991607666,18.3799991607666,4105800,GRWG
2020-10-20,18.770000457763672,19.809999465942383,17.549999237060547,18.0,18.0,4613300,GRWG
2020-10-21,18.270000457763672,19.90999984741211,18.25,19.09000015258789,19.09000015258789,5344600,GRWG
2020-10-22,19.139999389648438,20.770000457763672,18.549999237060547,20.520000457763672,20.520000457763672,4928900,GRWG
2020-10-23,21.010000228881836,21.06999969482422,19.219999313354492,20.6200008392334,20.6200008392334,4029500,GRWG
2020-10-26,20.100000381469727,21.329999923706055,17.600000381469727,17.969999313354492,17.969999313354492,5431500,GRWG
2020-10-27,18.305999755859375,18.75,17.799999237060547,17.850000381469727,17.850000381469727,2194700,GRWG
2020-10-28,17.25,17.440000534057617,16.25,16.5,16.5,4128800,GRWG
2020-10-29,16.700000762939453,17.399999618530273,16.25,17.18000030517578,17.18000030517578,2595300,GRWG
2020-10-30,16.729999542236328,17.540000915527344,15.84000015258789,16.700000762939453,16.700000762939453,2677900,GRWG
2020-11-02,17.139999389648438,18.6299991607666,16.950000762939453,18.540000915527344,18.540000915527344,3854400,GRWG
2020-11-03,18.799999237060547,19.100000381469727,17.924999237060547,18.299999237060547,18.299999237060547,3065400,GRWG
2020-11-04,19.229999542236328,19.760000228881836,18.579999923706055,18.979999542236328,18.979999542236328,3372400,GRWG
2020-11-05,20.020000457763672,23.18000030517578,19.600000381469727,23.040000915527344,23.040000915527344,7240700,GRWG
2020-11-06,23.3799991607666,24.299999237060547,21.799999237060547,22.979999542236328,22.979999542236328,7003600,GRWG
2020-11-09,24.760000228881836,24.944000244140625,21.3700008392334,21.530000686645508,21.530000686645508,5168400,GRWG
2020-11-10,21.68000030517578,22.149999618530273,18.309999465942383,19.43000030517578,19.43000030517578,5742000,GRWG
2020-11-11,20.350000381469727,21.280000686645508,18.899999618530273,20.940000534057617,20.940000534057617,6297600,GRWG
2020-11-12,22.520000457763672,25.579999923706055,21.1299991607666,24.299999237060547,24.299999237060547,16671200,GRWG
2020-11-13,24.525999069213867,26.510000228881836,23.600000381469727,25.520000457763672,25.520000457763672,8764200,GRWG
2020-11-16,24.958999633789062,26.860000610351562,24.200000762939453,26.56999969482422,26.56999969482422,4733400,GRWG
2020-11-17,26.139999389648438,28.549999237060547,26.1200008392334,27.729999542236328,27.729999542236328,5047300,GRWG
2020-11-18,28.200000762939453,30.100000381469727,28.020000457763672,28.889999389648438,28.889999389648438,6170600,GRWG
2020-11-19,29.0,30.899999618530273,28.350000381469727,29.459999084472656,29.459999084472656,4697300,GRWG
2020-11-20,29.920000076293945,30.229999542236328,28.68199920654297,29.15999984741211,29.15999984741211,3497100,GRWG
2020-11-23,29.75,32.40999984741211,29.440000534057617,31.5,31.5,5296500,GRWG
2020-11-24,32.68000030517578,34.45000076293945,31.8799991607666,32.90999984741211,32.90999984741211,4567100,GRWG
2020-11-25,31.899999618530273,34.20000076293945,30.530000686645508,33.529998779296875,33.529998779296875,3386900,GRWG
2020-11-27,34.33000183105469,35.66999816894531,33.790000915527344,35.59000015258789,35.59000015258789,2567300,GRWG
2020-11-30,36.86000061035156,37.310001373291016,32.63999938964844,35.16999816894531,35.16999816894531,5324200,GRWG
2020-12-01,35.48500061035156,35.599998474121094,32.22999954223633,33.349998474121094,33.349998474121094,3550500,GRWG
2020-12-02,32.47999954223633,36.15999984741211,32.25,35.43000030517578,35.43000030517578,3516600,GRWG
2020-12-03,35.599998474121094,36.279998779296875,34.400001525878906,35.29999923706055,35.29999923706055,1864000,GRWG
2020-12-04,35.52000045776367,36.5,34.43000030517578,35.02000045776367,35.02000045776367,2510600,GRWG
2020-12-07,34.849998474121094,35.5,33.400001525878906,34.22999954223633,34.22999954223633,2010500,GRWG
2020-12-08,32.5099983215332,34.25,30.31999969482422,34.16999816894531,34.16999816894531,4594500,GRWG
2020-12-09,32.25,33.25,30.850000381469727,31.385000228881836,31.385000228881836,8508600,GRWG
2020-12-10,30.5,33.33000183105469,30.25,33.20000076293945,33.20000076293945,3741000,GRWG
2020-12-11,32.64500045776367,34.4900016784668,32.275001525878906,32.7400016784668,32.7400016784668,2294900,GRWG
2020-12-14,33.56999969482422,34.0,32.70000076293945,32.790000915527344,32.790000915527344,1975500,GRWG
2020-12-15,33.0,35.72999954223633,32.29999923706055,34.70000076293945,34.70000076293945,4594600,GRWG
2020-12-16,35.25,38.90999984741211,34.720001220703125,38.709999084472656,38.709999084472656,5722800,GRWG
2020-12-17,38.91999816894531,39.0,36.18000030517578,37.5099983215332,37.5099983215332,3854500,GRWG
2020-12-18,37.4010009765625,39.840999603271484,36.849998474121094,38.650001525878906,38.650001525878906,3399600,GRWG
2020-12-21,38.2599983215332,41.56999969482422,38.0,40.66999816894531,40.66999816894531,3871000,GRWG
2020-12-22,41.400001525878906,42.393001556396484,40.08000183105469,42.150001525878906,42.150001525878906,2041600,GRWG
2020-12-23,42.650001525878906,43.13999938964844,41.060001373291016,41.22999954223633,41.22999954223633,2072500,GRWG
2020-12-24,41.459999084472656,42.5,40.58100128173828,41.290000915527344,41.290000915527344,1140200,GRWG
2020-12-28,42.400001525878906,42.400001525878906,39.02000045776367,39.310001373291016,39.310001373291016,2290000,GRWG
2020-12-29,39.5099983215332,39.709999084472656,36.25,38.5099983215332,38.5099983215332,3284700,GRWG
2020-12-30,38.70000076293945,42.380001068115234,38.099998474121094,41.349998474121094,41.349998474121094,2907800,GRWG
2020-12-31,41.439998626708984,41.689998626708984,39.900001525878906,40.220001220703125,40.220001220703125,1437100,GRWG
2021-01-04,40.80500030517578,40.84000015258789,37.709999084472656,39.09000015258789,39.09000015258789,2295600,GRWG
2021-01-05,39.31999969482422,40.720001220703125,39.02000045776367,40.290000915527344,40.290000915527344,1460400,GRWG
2021-01-06,42.0099983215332,46.86000061035156,41.70000076293945,44.40999984741211,44.40999984741211,6323000,GRWG
2021-01-07,46.0,48.11000061035156,45.611000061035156,46.65999984741211,46.65999984741211,3349300,GRWG
2021-01-08,46.457000732421875,46.90999984741211,44.0,45.31999969482422,45.31999969482422,2724000,GRWG
2021-01-11,45.43000030517578,53.43000030517578,45.0,51.560001373291016,51.560001373291016,5725000,GRWG
2021-01-12,50.630001068115234,52.58000183105469,49.349998474121094,50.310001373291016,50.310001373291016,2943600,GRWG
2021-01-13,50.20000076293945,50.62300109863281,46.66999816894531,47.9900016784668,47.9900016784668,3969000,GRWG
2021-01-14,47.970001220703125,53.33000183105469,47.75,50.47999954223633,50.47999954223633,3180000,GRWG
2021-01-15,51.349998474121094,52.189998626708984,47.810001373291016,51.11000061035156,51.11000061035156,3860200,GRWG
2021-01-19,52.17499923706055,52.46200180053711,49.84000015258789,52.310001373291016,52.310001373291016,2286400,GRWG
2021-01-20,52.400001525878906,53.86000061035156,49.880001068115234,50.18000030517578,50.18000030517578,2005300,GRWG
2021-01-21,50.810001373291016,50.900001525878906,48.04999923706055,48.79999923706055,48.79999923706055,2122500,GRWG
2021-01-22,48.15999984741211,50.029998779296875,48.099998474121094,49.84000015258789,49.84000015258789,1270700,GRWG
2021-01-25,49.75,52.439998626708984,47.0099983215332,48.2599983215332,48.2599983215332,2197300,GRWG
2021-01-26,49.040000915527344,50.439998626708984,47.56999969482422,48.36000061035156,48.36000061035156,1528600,GRWG
2021-01-27,45.63999938964844,48.369998931884766,43.31999969482422,44.59000015258789,44.59000015258789,3209000,GRWG
2021-01-28,45.720001220703125,47.38999938964844,44.542999267578125,45.84000015258789,45.84000015258789,1549800,GRWG
2021-01-29,45.84000015258789,46.369998931884766,40.56999969482422,43.189998626708984,43.189998626708984,2976100,GRWG
2021-02-01,44.41999816894531,46.33000183105469,42.20000076293945,46.209999084472656,46.209999084472656,1924000,GRWG
2021-02-02,47.79499816894531,52.599998474121094,47.24300003051758,51.04999923706055,51.04999923706055,3837000,GRWG
2021-02-03,53.130001068115234,57.400001525878906,52.0,55.720001220703125,55.720001220703125,3850400,GRWG
2021-02-04,57.20000076293945,58.869998931884766,54.4900016784668,57.40999984741211,57.40999984741211,2522000,GRWG
2021-02-05,57.70000076293945,59.2400016784668,55.63999938964844,58.13999938964844,58.13999938964844,1656200,GRWG
2021-02-08,59.689998626708984,62.970001220703125,59.20000076293945,62.970001220703125,62.970001220703125,2002700,GRWG
2021-02-09,63.79499816894531,66.19000244140625,62.7599983215332,64.58000183105469,64.58000183105469,2370500,GRWG
2021-02-10,67.75,67.75,58.250999450683594,63.189998626708984,63.189998626708984,3677000,GRWG
2021-02-11,59.16999816894531,60.0,52.2599983215332,55.040000915527344,55.040000915527344,6298300,GRWG
2021-02-12,53.5,58.310001373291016,51.189998626708984,56.95000076293945,56.95000076293945,3219300,GRWG
2021-02-16,58.290000915527344,62.70000076293945,57.5099983215332,60.58000183105469,60.58000183105469,2708300,GRWG
2021-02-17,60.130001068115234,60.54999923706055,56.05400085449219,59.349998474121094,59.349998474121094,1995500,GRWG
2021-02-18,57.2599983215332,58.75,54.25400161743164,55.95000076293945,55.95000076293945,1490800,GRWG
2021-02-19,57.150001525878906,59.66999816894531,56.099998474121094,57.709999084472656,57.709999084472656,1325100,GRWG
2021-02-22,56.33000183105469,56.707000732421875,51.79999923706055,52.689998626708984,52.689998626708984,2482500,GRWG
2021-02-23,48.4900016784668,51.0,44.0099983215332,50.72999954223633,50.72999954223633,3435600,GRWG
2021-02-24,51.810001373291016,52.78300094604492,49.22999954223633,50.619998931884766,50.619998931884766,1911000,GRWG
2021-02-25,50.400001525878906,52.439998626708984,45.380001068115234,45.86000061035156,45.86000061035156,2379900,GRWG
2021-02-26,45.79999923706055,48.97999954223633,44.20000076293945,45.630001068115234,45.630001068115234,2232600,GRWG
2021-03-01,48.4900016784668,51.97999954223633,47.400001525878906,51.81999969482422,51.81999969482422,2566600,GRWG
2021-03-02,52.84000015258789,53.529998779296875,49.0,49.119998931884766,49.119998931884766,1855000,GRWG
2021-03-03,49.13999938964844,49.79499816894531,43.400001525878906,43.470001220703125,43.470001220703125,2331600,GRWG
2021-03-04,42.380001068115234,44.84000015258789,37.70000076293945,40.04999923706055,40.04999923706055,4948400,GRWG
2021-03-05,39.75,40.61000061035156,33.02000045776367,40.400001525878906,40.400001525878906,5062400,GRWG
2021-03-08,40.51499938964844,41.93000030517578,37.599998474121094,37.790000915527344,37.790000915527344,2026400,GRWG
2021-03-09,39.97999954223633,45.43000030517578,39.75,44.619998931884766,44.619998931884766,2783000,GRWG
2021-03-10,46.68000030517578,47.959999084472656,42.85499954223633,45.41999816894531,45.41999816894531,2047700,GRWG
2021-03-11,47.5,49.0099983215332,46.310001373291016,48.7400016784668,48.7400016784668,1932300,GRWG
2021-03-12,46.5,49.43000030517578,45.55099868774414,48.95000076293945,48.95000076293945,1298000,GRWG
2021-03-15,49.7599983215332,53.97999954223633,49.4900016784668,53.349998474121094,53.349998474121094,2048300,GRWG
2021-03-16,55.0,55.5,50.22600173950195,51.779998779296875,51.779998779296875,2292000,GRWG
2021-03-17,49.29999923706055,55.439998626708984,48.099998474121094,54.150001525878906,54.150001525878906,1520700,GRWG
2021-03-18,53.5,55.31999969482422,50.08000183105469,50.75,50.75,1742200,GRWG
2021-03-19,50.314998626708984,55.2400016784668,50.04999923706055,54.779998779296875,54.779998779296875,2391500,GRWG
2021-03-22,57.439998626708984,59.316001892089844,54.04899978637695,55.189998626708984,55.189998626708984,3145300,GRWG
2021-03-23,55.54999923706055,57.2400016784668,51.650001525878906,52.16999816894531,52.16999816894531,2500900,GRWG
2021-03-24,52.29999923706055,53.349998474121094,45.75,45.810001373291016,45.810001373291016,3477100,GRWG
2021-03-25,44.529998779296875,48.16999816894531,42.65999984741211,45.72999954223633,45.72999954223633,4699063,GRWG
